sample_id,top_3_train_indices
TR-1,"[37, 1899, 2172]"
TR-10,"[2559, 975, 2486]"
TR-100,"[23, 2400, 1402]"
TR-1000,"[2190, 1581, 1029]"
TR-1001,"[2367, 1977, 1106]"
TR-1002,"[701, 547, 1058]"
TR-1003,"[2198, 513, 2469]"
TR-1004,"[530, 1036, 1889]"
TR-1005,"[991, 1867, 855]"
TR-1006,"[468, 2029, 35]"
TR-1007,"[45, 1692, 654]"
TR-1008,"[1682, 2509, 1315]"
TR-1009,"[199, 1964, 1844]"
TR-101,"[86, 290, 52]"
TR-1010,"[1200, 172, 1739]"
TR-1011,"[2255, 623, 2529]"
TR-1012,"[2224, 2046, 1122]"
TR-1013,"[743, 1825, 2258]"
TR-1014,"[1518, 163, 1869]"
TR-1015,"[2243, 2393, 223]"
TR-1016,"[2234, 1030, 2311]"
TR-1017,"[1196, 2078, 616]"
TR-1018,"[550, 464, 2500]"
TR-1019,"[2, 308, 1402]"
TR-102,"[1058, 547, 1588]"
TR-1020,"[954, 1330, 622]"
TR-1021,"[382, 2083, 1958]"
TR-1022,"[2443, 1071, 937]"
TR-1023,"[2209, 299, 2291]"
TR-1024,"[2408, 2396, 960]"
TR-1025,"[2256, 2108, 2408]"
TR-1026,"[780, 1861, 1931]"
TR-1027,"[952, 325, 551]"
TR-1028,"[648, 673, 1368]"
TR-1029,"[236, 1750, 848]"
TR-103,"[2214, 9, 2431]"
TR-1030,"[920, 2482, 464]"
TR-1031,"[1899, 1644, 1359]"
TR-1032,"[2478, 1658, 1538]"
TR-1033,"[1713, 1534, 1559]"
TR-1034,"[1547, 2219, 740]"
TR-1035,"[2218, 2209, 544]"
TR-1036,"[587, 797, 1861]"
TR-1037,"[1961, 1621, 623]"
TR-1038,"[746, 1288, 1620]"
TR-1039,"[1692, 2471, 1137]"
TR-104,"[1126, 2386, 1343]"
TR-1040,"[2119, 1758, 1368]"
TR-1041,"[1020, 1133, 2479]"
TR-1042,"[1984, 1649, 685]"
TR-1043,"[905, 1298, 694]"
TR-1044,"[2490, 855, 191]"
TR-1045,"[628, 886, 1229]"
TR-1046,"[991, 233, 469]"
TR-1047,"[2371, 1092, 1384]"
TR-1048,"[460, 977, 1450]"
TR-1049,"[2542, 886, 1573]"
TR-105,"[358, 1668, 2306]"
TR-1050,"[2077, 344, 1072]"
TR-1051,"[450, 168, 1284]"
TR-1052,"[2122, 832, 1720]"
TR-1053,"[2581, 1401, 2597]"
TR-1054,"[2347, 829, 359]"
TR-1055,"[1850, 747, 2320]"
TR-1056,"[2001, 675, 2355]"
TR-1057,"[1424, 2255, 772]"
TR-1058,"[375, 1530, 939]"
TR-1059,"[675, 1321, 64]"
TR-106,"[980, 1581, 1782]"
TR-1060,"[1217, 2303, 1819]"
TR-1061,"[1681, 338, 1547]"
TR-1062,"[199, 1031, 512]"
TR-1063,"[917, 38, 1153]"
TR-1064,"[1869, 2361, 2471]"
TR-1065,"[831, 54, 2500]"
TR-1066,"[1014, 629, 1466]"
TR-1067,"[65, 402, 1033]"
TR-1068,"[1570, 171, 2073]"
TR-1069,"[991, 297, 308]"
TR-107,"[2120, 1660, 1798]"
TR-1070,"[998, 1974, 804]"
TR-1071,"[1878, 1444, 1278]"
TR-1072,"[358, 2152, 1591]"
TR-1073,"[494, 1850, 2034]"
TR-1074,"[4, 125, 2325]"
TR-1075,"[637, 1325, 783]"
TR-1076,"[772, 1424, 1184]"
TR-1077,"[909, 998, 80]"
TR-1078,"[1584, 228, 2236]"
TR-1079,"[1969, 510, 235]"
TR-108,"[1492, 2244, 850]"
TR-1080,"[1186, 975, 1359]"
TR-1081,"[756, 2098, 1831]"
TR-1082,"[2138, 2082, 762]"
TR-1083,"[281, 2045, 2592]"
TR-1084,"[1916, 864, 1072]"
TR-1085,"[789, 709, 2596]"
TR-1086,"[472, 2301, 1982]"
TR-1087,"[973, 2579, 1102]"
TR-1088,"[657, 605, 961]"
TR-1089,"[1483, 634, 1703]"
TR-109,"[358, 1956, 1668]"
TR-1090,"[1177, 2574, 2073]"
TR-1091,"[2358, 2125, 912]"
TR-1092,"[710, 2322, 2471]"
TR-1093,"[2026, 937, 2443]"
TR-1094,"[419, 247, 2424]"
TR-1095,"[1189, 155, 1848]"
TR-1096,"[46, 1837, 1560]"
TR-1097,"[1495, 1377, 1060]"
TR-1098,"[414, 727, 2249]"
TR-1099,"[1307, 2424, 794]"
TR-11,"[2209, 334, 118]"
TR-110,"[2545, 725, 1898]"
TR-1100,"[214, 1552, 1256]"
TR-1101,"[1158, 2164, 487]"
TR-1102,"[2027, 1862, 1932]"
TR-1103,"[1896, 731, 1458]"
TR-1104,"[2256, 599, 686]"
TR-1105,"[2108, 404, 2417]"
TR-1106,"[2214, 1239, 870]"
TR-1107,"[1504, 1513, 2589]"
TR-1108,"[488, 2089, 1343]"
TR-1109,"[705, 1905, 2202]"
TR-111,"[1539, 2538, 2062]"
TR-1110,"[1957, 1106, 4]"
TR-1111,"[986, 1951, 1991]"
TR-1112,"[2016, 2174, 787]"
TR-1113,"[2081, 854, 1905]"
TR-1114,"[1479, 2185, 1754]"
TR-1115,"[1447, 1547, 235]"
TR-1116,"[1752, 1122, 123]"
TR-1117,"[1571, 1056, 1786]"
TR-1118,"[2166, 1830, 417]"
TR-1119,"[528, 290, 1782]"
TR-112,"[1741, 1424, 772]"
TR-1120,"[972, 2029, 2587]"
TR-1121,"[1103, 1094, 1901]"
TR-1122,"[1664, 2048, 1767]"
TR-1123,"[2485, 962, 2305]"
TR-1124,"[1105, 1724, 2526]"
TR-1125,"[2434, 6, 2469]"
TR-1126,"[411, 826, 1992]"
TR-1127,"[2066, 39, 1591]"
TR-1128,"[811, 1200, 1661]"
TR-1129,"[77, 1570, 2312]"
TR-113,"[1431, 899, 2444]"
TR-1130,"[1057, 138, 281]"
TR-1131,"[1979, 1055, 51]"
TR-1132,"[911, 426, 23]"
TR-1133,"[364, 1790, 977]"
TR-1134,"[649, 501, 920]"
TR-1135,"[643, 1533, 2328]"
TR-1136,"[65, 1424, 402]"
TR-1137,"[2342, 450, 1155]"
TR-1138,"[549, 107, 1189]"
TR-1139,"[2234, 1092, 407]"
TR-114,"[354, 1337, 459]"
TR-1140,"[1178, 1579, 2390]"
TR-1141,"[2445, 1239, 1591]"
TR-1142,"[2275, 912, 103]"
TR-1143,"[1031, 512, 199]"
TR-1144,"[588, 985, 1364]"
TR-1145,"[1424, 1033, 2529]"
TR-1146,"[274, 1359, 582]"
TR-1147,"[1731, 1589, 1758]"
TR-1148,"[469, 219, 991]"
TR-1149,"[2512, 649, 975]"
TR-115,"[2157, 267, 59]"
TR-1150,"[2305, 1942, 1038]"
TR-1151,"[2359, 1601, 428]"
TR-1152,"[1692, 2471, 1153]"
TR-1153,"[1200, 804, 998]"
TR-1154,"[888, 1955, 541]"
TR-1155,"[2346, 1973, 222]"
TR-1156,"[1114, 619, 1957]"
TR-1157,"[251, 1952, 2264]"
TR-1158,"[1538, 266, 732]"
TR-1159,"[1445, 108, 197]"
TR-116,"[1607, 2504, 555]"
TR-1160,"[1495, 868, 1584]"
TR-1161,"[580, 1217, 2303]"
TR-1162,"[1599, 1384, 1077]"
TR-1163,"[2339, 1749, 1895]"
TR-1164,"[2170, 358, 1668]"
TR-1165,"[972, 941, 2074]"
TR-1166,"[1522, 947, 2378]"
TR-1167,"[1172, 2332, 1844]"
TR-1168,"[1234, 867, 464]"
TR-1169,"[871, 923, 1920]"
TR-117,"[1406, 1523, 1673]"
TR-1170,"[855, 837, 1979]"
TR-1171,"[2217, 36, 362]"
TR-1172,"[1071, 868, 1811]"
TR-1173,"[333, 1471, 598]"
TR-1174,"[329, 1454, 1405]"
TR-1175,"[1304, 2068, 1459]"
TR-1176,"[684, 68, 178]"
TR-1177,"[2409, 1315, 2509]"
TR-1178,"[512, 1031, 71]"
TR-1179,"[1181, 1599, 1402]"
TR-118,"[2159, 1362, 901]"
TR-1180,"[914, 1495, 977]"
TR-1181,"[184, 1086, 68]"
TR-1182,"[2259, 604, 1528]"
TR-1183,"[217, 1788, 564]"
TR-1184,"[643, 2328, 1533]"
TR-1185,"[1052, 1921, 396]"
TR-1186,"[1897, 729, 1089]"
TR-1187,"[1686, 2065, 2569]"
TR-1188,"[305, 2133, 1135]"
TR-1189,"[2046, 884, 2245]"
TR-119,"[805, 2405, 458]"
TR-1190,"[84, 606, 175]"
TR-1191,"[114, 1552, 668]"
TR-1192,"[2331, 1504, 378]"
TR-1193,"[2042, 1423, 316]"
TR-1194,"[1224, 1144, 2014]"
TR-1195,"[1911, 2343, 2097]"
TR-1196,"[78, 166, 991]"
TR-1197,"[2017, 1691, 408]"
TR-1198,"[1848, 442, 2562]"
TR-1199,"[2464, 879, 1837]"
TR-12,"[2014, 1224, 1144]"
TR-120,"[477, 65, 977]"
TR-1200,"[1826, 406, 283]"
TR-1201,"[1696, 1314, 1333]"
TR-1202,"[1673, 721, 1523]"
TR-1203,"[102, 1405, 564]"
TR-1204,"[1038, 1942, 169]"
TR-1205,"[2267, 1078, 1889]"
TR-1206,"[2256, 2408, 2108]"
TR-1207,"[2014, 290, 741]"
TR-1208,"[591, 618, 191]"
TR-1209,"[1474, 1071, 941]"
TR-121,"[1447, 1982, 871]"
TR-1210,"[34, 1750, 848]"
TR-1211,"[2400, 855, 1630]"
TR-1212,"[2198, 1379, 1268]"
TR-1213,"[620, 1277, 988]"
TR-1214,"[1285, 413, 641]"
TR-1215,"[2031, 346, 1487]"
TR-1216,"[2474, 681, 1073]"
TR-1217,"[249, 1929, 1572]"
TR-1218,"[2540, 1984, 2058]"
TR-1219,"[409, 49, 1358]"
TR-122,"[2255, 56, 442]"
TR-1220,"[2474, 681, 1073]"
TR-1221,"[1454, 155, 977]"
TR-1222,"[1929, 243, 1666]"
TR-1223,"[52, 1484, 1575]"
TR-1224,"[176, 2487, 506]"
TR-1225,"[2491, 537, 2218]"
TR-1226,"[1783, 1594, 877]"
TR-1227,"[1576, 408, 1389]"
TR-1228,"[1090, 839, 503]"
TR-1229,"[569, 559, 367]"
TR-123,"[2377, 640, 843]"
TR-1230,"[1297, 1973, 1907]"
TR-1231,"[492, 1707, 1219]"
TR-1232,"[2534, 2062, 1187]"
TR-1233,"[29, 2256, 490]"
TR-1234,"[326, 275, 2259]"
TR-1235,"[2429, 2060, 476]"
TR-1236,"[1979, 975, 1801]"
TR-1237,"[2283, 2063, 765]"
TR-1238,"[177, 564, 1799]"
TR-1239,"[826, 1907, 944]"
TR-124,"[2074, 941, 741]"
TR-1240,"[866, 935, 1053]"
TR-1241,"[2546, 1453, 75]"
TR-1242,"[2496, 2469, 6]"
TR-1243,"[2533, 1935, 928]"
TR-1244,"[1479, 383, 1393]"
TR-1245,"[164, 1359, 2045]"
TR-1246,"[326, 262, 248]"
TR-1247,"[998, 235, 1974]"
TR-1248,"[101, 1112, 1190]"
TR-1249,"[2584, 1110, 1264]"
TR-125,"[2527, 775, 2403]"
TR-1250,"[1213, 973, 1456]"
TR-1251,"[2592, 138, 1572]"
TR-1252,"[2589, 711, 1117]"
TR-1253,"[977, 1043, 2255]"
TR-1254,"[1797, 2582, 790]"
TR-1255,"[686, 118, 2555]"
TR-1256,"[2101, 478, 2467]"
TR-1257,"[1498, 1747, 2374]"
TR-1258,"[2230, 1832, 1136]"
TR-1259,"[2385, 626, 594]"
TR-126,"[754, 246, 248]"
TR-1260,"[1723, 1867, 8]"
TR-1261,"[2335, 41, 1741]"
TR-1262,"[281, 2486, 1481]"
TR-1263,"[2198, 271, 820]"
TR-1264,"[1042, 2194, 884]"
TR-1265,"[1742, 1396, 2283]"
TR-1266,"[501, 78, 984]"
TR-1267,"[770, 1426, 1711]"
TR-1268,"[1813, 575, 639]"
TR-1269,"[379, 235, 89]"
TR-127,"[960, 2408, 2108]"
TR-1270,"[1317, 2291, 2361]"
TR-1271,"[2225, 1462, 410]"
TR-1272,"[1697, 445, 10]"
TR-1273,"[1610, 1986, 1012]"
TR-1274,"[2276, 2270, 2307]"
TR-1275,"[1020, 1309, 358]"
TR-1276,"[618, 591, 649]"
TR-1277,"[1396, 1235, 1595]"
TR-1278,"[2196, 1770, 208]"
TR-1279,"[278, 2584, 2460]"
TR-128,"[1801, 2142, 1775]"
TR-1280,"[51, 1055, 1276]"
TR-1281,"[1865, 36, 1213]"
TR-1282,"[2168, 874, 2240]"
TR-1283,"[1756, 216, 2042]"
TR-1284,"[1887, 886, 741]"
TR-1285,"[167, 2153, 2512]"
TR-1286,"[1270, 951, 1173]"
TR-1287,"[1766, 1853, 878]"
TR-1288,"[1838, 2304, 458]"
TR-1289,"[494, 463, 83]"
TR-129,"[1861, 2083, 2050]"
TR-1290,"[919, 2347, 1204]"
TR-1291,"[952, 883, 433]"
TR-1292,"[275, 262, 429]"
TR-1293,"[222, 1837, 2161]"
TR-1294,"[1349, 653, 1814]"
TR-1295,"[656, 473, 1439]"
TR-1296,"[572, 1383, 1750]"
TR-1297,"[1175, 1831, 2589]"
TR-1298,"[1803, 103, 1875]"
TR-1299,"[1206, 502, 598]"
TR-13,"[251, 639, 1514]"
TR-130,"[2092, 1343, 251]"
TR-1300,"[1734, 1806, 1731]"
TR-1301,"[2487, 654, 1276]"
TR-1302,"[1355, 2557, 70]"
TR-1303,"[563, 1331, 465]"
TR-1304,"[808, 1092, 1955]"
TR-1305,"[1637, 1812, 442]"
TR-1306,"[1277, 1117, 2401]"
TR-1307,"[2330, 1591, 522]"
TR-1308,"[2077, 58, 1711]"
TR-1309,"[1829, 989, 562]"
TR-131,"[1983, 614, 2031]"
TR-1310,"[2235, 1879, 1086]"
TR-1311,"[2011, 628, 15]"
TR-1312,"[903, 1582, 581]"
TR-1313,"[358, 671, 418]"
TR-1314,"[1779, 1890, 883]"
TR-1315,"[395, 2146, 1126]"
TR-1316,"[1409, 1324, 2570]"
TR-1317,"[157, 459, 1337]"
TR-1318,"[1359, 1800, 1126]"
TR-1319,"[785, 1934, 1749]"
TR-132,"[829, 359, 2347]"
TR-1320,"[1668, 2152, 1591]"
TR-1321,"[829, 357, 62]"
TR-1322,"[870, 2029, 373]"
TR-1323,"[2153, 327, 2448]"
TR-1324,"[1922, 1510, 1298]"
TR-1325,"[932, 798, 2131]"
TR-1326,"[1177, 564, 1352]"
TR-1327,"[2293, 1137, 1385]"
TR-1328,"[2126, 553, 1241]"
TR-1329,"[559, 1756, 1185]"
TR-133,"[1359, 222, 37]"
TR-1330,"[2461, 2023, 1404]"
TR-1331,"[453, 1633, 1064]"
TR-1332,"[1603, 1207, 884]"
TR-1333,"[2297, 1253, 171]"
TR-1334,"[980, 557, 1144]"
TR-1335,"[2205, 647, 431]"
TR-1336,"[66, 1530, 939]"
TR-1337,"[1219, 1711, 2348]"
TR-1338,"[1349, 1790, 283]"
TR-1339,"[44, 215, 2331]"
TR-134,"[300, 2607, 2188]"
TR-1340,"[1370, 1170, 1749]"
TR-1341,"[1780, 1984, 2058]"
TR-1342,"[26, 2083, 1952]"
TR-1343,"[1754, 1232, 129]"
TR-1344,"[2056, 1028, 1883]"
TR-1345,"[1222, 1757, 2476]"
TR-1346,"[736, 377, 1674]"
TR-1347,"[1321, 2355, 2001]"
TR-1348,"[699, 2229, 946]"
TR-1349,"[1868, 564, 2574]"
TR-135,"[1699, 1749, 290]"
TR-1350,"[1789, 1713, 741]"
TR-1351,"[818, 1203, 2588]"
TR-1352,"[98, 2602, 2234]"
TR-1353,"[975, 2512, 2146]"
TR-1354,"[352, 2146, 1126]"
TR-1355,"[733, 1052, 207]"
TR-1356,"[2516, 917, 1369]"
TR-1357,"[1514, 2038, 1241]"
TR-1358,"[2334, 937, 2568]"
TR-1359,"[570, 1205, 1985]"
TR-136,"[766, 325, 1752]"
TR-1360,"[65, 1424, 2255]"
TR-1361,"[439, 1117, 982]"
TR-1362,"[776, 119, 2408]"
TR-1363,"[1604, 1134, 2445]"
TR-1364,"[1826, 225, 102]"
TR-1365,"[1456, 2234, 1092]"
TR-1366,"[2050, 1731, 1709]"
TR-1367,"[245, 1649, 49]"
TR-1368,"[1462, 2225, 1967]"
TR-1369,"[2509, 1315, 1297]"
TR-137,"[2224, 1993, 1477]"
TR-1370,"[1285, 56, 1814]"
TR-1371,"[2135, 1914, 110]"
TR-1372,"[2049, 1843, 1836]"
TR-1373,"[1277, 239, 988]"
TR-1374,"[1366, 1830, 2422]"
TR-1375,"[380, 2073, 356]"
TR-1376,"[106, 2286, 1355]"
TR-1377,"[599, 404, 776]"
TR-1378,"[1362, 901, 2159]"
TR-1379,"[1004, 1333, 2471]"
TR-138,"[279, 2527, 24]"
TR-1380,"[2419, 564, 499]"
TR-1381,"[269, 866, 1588]"
TR-1382,"[911, 149, 23]"
TR-1383,"[2509, 1219, 411]"
TR-1384,"[2359, 1601, 170]"
TR-1385,"[155, 248, 2471]"
TR-1386,"[2311, 1555, 2465]"
TR-1387,"[2441, 647, 2590]"
TR-1388,"[2336, 877, 1637]"
TR-1389,"[2459, 1112, 668]"
TR-139,"[2295, 2498, 1283]"
TR-1390,"[2097, 1006, 454]"
TR-1391,"[758, 982, 2025]"
TR-1392,"[265, 309, 2283]"
TR-1393,"[2497, 2547, 267]"
TR-1394,"[403, 1117, 982]"
TR-1395,"[1297, 1315, 11]"
TR-1396,"[2574, 1177, 1072]"
TR-1397,"[2255, 246, 65]"
TR-1398,"[916, 1800, 582]"
TR-1399,"[1508, 1829, 1616]"
TR-14,"[1697, 304, 26]"
TR-140,"[1804, 2273, 2206]"
TR-1400,"[1454, 380, 1480]"
TR-1401,"[734, 895, 1411]"
TR-1402,"[1752, 910, 1398]"
TR-1403,"[1091, 605, 1019]"
TR-1404,"[2032, 1538, 740]"
TR-1405,"[2512, 191, 167]"
TR-1406,"[370, 1633, 1064]"
TR-1407,"[2496, 820, 1951]"
TR-1408,"[1676, 884, 2245]"
TR-1409,"[2260, 1131, 1347]"
TR-141,"[2188, 816, 2369]"
TR-1410,"[321, 1838, 2304]"
TR-1411,"[493, 1120, 1813]"
TR-1412,"[55, 977, 1450]"
TR-1413,"[942, 1080, 843]"
TR-1414,"[645, 1737, 2089]"
TR-1415,"[494, 322, 2310]"
TR-1416,"[550, 2482, 2275]"
TR-1417,"[1662, 759, 1982]"
TR-1418,"[2531, 1565, 2082]"
TR-1419,"[1274, 2150, 1276]"
TR-142,"[9, 2029, 1230]"
TR-1420,"[166, 1967, 2126]"
TR-1421,"[501, 649, 1181]"
TR-1422,"[2340, 1275, 474]"
TR-1423,"[1070, 97, 2270]"
TR-1424,"[656, 329, 1439]"
TR-1425,"[2340, 1275, 471]"
TR-1426,"[1575, 1484, 1752]"
TR-1427,"[1666, 2203, 2073]"
TR-1428,"[56, 224, 1698]"
TR-1429,"[772, 286, 2471]"
TR-143,"[1480, 1144, 2323]"
TR-1430,"[2232, 1971, 1943]"
TR-1431,"[1460, 493, 2491]"
TR-1432,"[1826, 225, 1798]"
TR-1433,"[2059, 494, 1893]"
TR-1434,"[1884, 1512, 777]"
TR-1435,"[497, 1794, 449]"
TR-1436,"[1732, 563, 39]"
TR-1437,"[689, 2226, 941]"
TR-1438,"[2089, 122, 462]"
TR-1439,"[2320, 490, 1850]"
TR-144,"[1850, 2320, 1888]"
TR-1440,"[2033, 1943, 1015]"
TR-1441,"[1219, 1733, 259]"
TR-1442,"[459, 1813, 480]"
TR-1443,"[463, 322, 83]"
TR-1444,"[946, 799, 8]"
TR-1445,"[640, 2366, 1567]"
TR-1446,"[1794, 123, 738]"
TR-1447,"[1664, 2048, 1863]"
TR-1448,"[1790, 2278, 736]"
TR-1449,"[1355, 1643, 1713]"
TR-145,"[649, 1630, 576]"
TR-1450,"[1206, 333, 194]"
TR-1451,"[1262, 839, 1090]"
TR-1452,"[530, 1734, 1585]"
TR-1453,"[2372, 817, 138]"
TR-1454,"[222, 251, 734]"
TR-1455,"[684, 2405, 195]"
TR-1456,"[1233, 594, 1767]"
TR-1457,"[1056, 1798, 628]"
TR-1458,"[1961, 43, 684]"
TR-1459,"[641, 2369, 240]"
TR-146,"[199, 1031, 71]"
TR-1460,"[6, 2198, 2469]"
TR-1461,"[2010, 848, 2602]"
TR-1462,"[1184, 77, 365]"
TR-1463,"[1528, 604, 593]"
TR-1464,"[610, 1777, 2323]"
TR-1465,"[1207, 1188, 1682]"
TR-1466,"[2001, 1321, 1259]"
TR-1467,"[1351, 1459, 854]"
TR-1468,"[1198, 1956, 1223]"
TR-1469,"[1317, 1033, 2361]"
TR-147,"[653, 1826, 56]"
TR-1470,"[2252, 777, 120]"
TR-1471,"[2553, 1941, 1007]"
TR-1472,"[1241, 506, 222]"
TR-1473,"[1082, 2090, 2200]"
TR-1474,"[977, 283, 1043]"
TR-1475,"[1124, 386, 2526]"
TR-1476,"[7, 1651, 1973]"
TR-1477,"[1071, 1769, 1506]"
TR-1478,"[2255, 1043, 977]"
TR-1479,"[1184, 772, 2255]"
TR-148,"[2409, 1990, 411]"
TR-1480,"[760, 2395, 452]"
TR-1481,"[2422, 1090, 1262]"
TR-1482,"[999, 2582, 1424]"
TR-1483,"[2198, 6, 513]"
TR-1484,"[1734, 2017, 748]"
TR-1485,"[1122, 1787, 602]"
TR-1486,"[1955, 1030, 888]"
TR-1487,"[252, 887, 2392]"
TR-1488,"[628, 1848, 2562]"
TR-1489,"[2344, 1586, 2575]"
TR-149,"[744, 2488, 98]"
TR-1490,"[1179, 722, 1781]"
TR-1491,"[1058, 24, 1588]"
TR-1492,"[2552, 871, 1909]"
TR-1493,"[978, 155, 1819]"
TR-1494,"[464, 2482, 2275]"
TR-1495,"[123, 1794, 384]"
TR-1496,"[1387, 1269, 1671]"
TR-1497,"[1241, 1563, 395]"
TR-1498,"[1341, 1676, 1568]"
TR-1499,"[741, 55, 372]"
TR-15,"[1096, 2082, 2310]"
TR-150,"[2514, 232, 1799]"
TR-1500,"[1594, 2473, 101]"
TR-1501,"[367, 696, 1811]"
TR-1502,"[2487, 251, 1343]"
TR-1503,"[618, 1922, 2146]"
TR-1504,"[1829, 1616, 1508]"
TR-1505,"[2431, 2164, 861]"
TR-1506,"[680, 1084, 2032]"
TR-1507,"[640, 1698, 155]"
TR-1508,"[327, 2400, 237]"
TR-1509,"[2249, 110, 2054]"
TR-151,"[2024, 452, 2576]"
TR-1510,"[256, 559, 367]"
TR-1511,"[1724, 1570, 2255]"
TR-1512,"[1040, 2402, 1613]"
TR-1513,"[670, 1086, 2166]"
TR-1514,"[414, 718, 808]"
TR-1515,"[1926, 367, 1434]"
TR-1516,"[1867, 297, 299]"
TR-1517,"[501, 649, 452]"
TR-1518,"[1694, 1615, 1628]"
TR-1519,"[909, 87, 189]"
TR-152,"[2221, 1379, 2198]"
TR-1520,"[181, 1217, 2303]"
TR-1521,"[349, 903, 1582]"
TR-1522,"[1800, 2153, 1077]"
TR-1523,"[2279, 1996, 151]"
TR-1524,"[1395, 946, 1190]"
TR-1525,"[1613, 2271, 1949]"
TR-1526,"[2328, 643, 1533]"
TR-1527,"[797, 42, 1572]"
TR-1528,"[162, 985, 1364]"
TR-1529,"[2510, 1782, 1639]"
TR-153,"[1893, 1530, 2281]"
TR-1530,"[618, 308, 233]"
TR-1531,"[1581, 2549, 2003]"
TR-1532,"[516, 1528, 604]"
TR-1533,"[508, 1233, 2441]"
TR-1534,"[1665, 2029, 367]"
TR-1535,"[2220, 367, 1453]"
TR-1536,"[2330, 1969, 1696]"
TR-1537,"[1471, 333, 194]"
TR-1538,"[118, 2256, 404]"
TR-1539,"[1389, 2379, 1470]"
TR-154,"[15, 348, 2322]"
TR-1540,"[123, 738, 1905]"
TR-1541,"[2604, 2487, 337]"
TR-1542,"[1528, 516, 593]"
TR-1543,"[1992, 506, 2133]"
TR-1544,"[125, 1957, 1114]"
TR-1545,"[2303, 802, 1819]"
TR-1546,"[865, 1297, 1682]"
TR-1547,"[119, 999, 1543]"
TR-1548,"[517, 1777, 2323]"
TR-1549,"[1171, 1560, 2046]"
TR-155,"[2212, 941, 2074]"
TR-1550,"[1885, 1273, 1246]"
TR-1551,"[2046, 2380, 884]"
TR-1552,"[989, 1616, 2000]"
TR-1553,"[408, 230, 2500]"
TR-1554,"[2507, 885, 261]"
TR-1555,"[591, 308, 1126]"
TR-1556,"[1114, 1957, 4]"
TR-1557,"[239, 2327, 988]"
TR-1558,"[581, 1627, 1616]"
TR-1559,"[650, 1452, 1141]"
TR-156,"[1424, 2255, 65]"
TR-1560,"[1424, 934, 1021]"
TR-1561,"[2170, 1956, 1581]"
TR-1562,"[289, 647, 431]"
TR-1563,"[1844, 1263, 941]"
TR-1564,"[52, 543, 246]"
TR-1565,"[75, 2268, 1244]"
TR-1566,"[1917, 1367, 1519]"
TR-1567,"[2185, 129, 1479]"
TR-1568,"[2505, 381, 615]"
TR-1569,"[1433, 345, 2317]"
TR-157,"[1483, 100, 799]"
TR-1570,"[2226, 1263, 1347]"
TR-1571,"[2000, 685, 1155]"
TR-1572,"[85, 1325, 783]"
TR-1573,"[1035, 1310, 528]"
TR-1574,"[1514, 2147, 1813]"
TR-1575,"[565, 1567, 1285]"
TR-1576,"[511, 2369, 240]"
TR-1577,"[55, 977, 246]"
TR-1578,"[206, 1533, 2328]"
TR-1579,"[738, 602, 1905]"
TR-158,"[462, 1737, 1688]"
TR-1580,"[2381, 719, 973]"
TR-1581,"[374, 1682, 431]"
TR-1582,"[33, 1505, 1851]"
TR-1583,"[501, 2512, 167]"
TR-1584,"[1141, 1452, 2411]"
TR-1585,"[795, 1642, 790]"
TR-1586,"[660, 2129, 1973]"
TR-1587,"[1349, 56, 977]"
TR-1588,"[337, 506, 734]"
TR-1589,"[384, 1794, 551]"
TR-159,"[473, 329, 1439]"
TR-1590,"[99, 605, 2487]"
TR-1591,"[982, 2226, 2025]"
TR-1592,"[559, 367, 2128]"
TR-1593,"[2600, 652, 1133]"
TR-1594,"[1258, 1389, 1843]"
TR-1595,"[1758, 2552, 2586]"
TR-1596,"[367, 559, 696]"
TR-1597,"[1027, 2325, 2290]"
TR-1598,"[1668, 2529, 358]"
TR-1599,"[188, 915, 926]"
TR-16,"[1640, 1855, 830]"
TR-160,"[1552, 1112, 1256]"
TR-1600,"[1675, 1778, 2314]"
TR-1601,"[2203, 572, 1309]"
TR-1602,"[882, 2312, 1692]"
TR-1603,"[2066, 174, 1973]"
TR-1604,"[1055, 138, 1963]"
TR-1605,"[1639, 2471, 1973]"
TR-1606,"[2001, 1435, 1321]"
TR-1607,"[2461, 543, 527]"
TR-1608,"[1261, 969, 2569]"
TR-1609,"[2057, 1279, 269]"
TR-161,"[2574, 441, 102]"
TR-1610,"[564, 736, 1790]"
TR-1611,"[2474, 247, 242]"
TR-1612,"[1976, 1621, 1438]"
TR-1613,"[867, 1343, 251]"
TR-1614,"[1961, 43, 224]"
TR-1615,"[2505, 815, 1649]"
TR-1616,"[2256, 1661, 118]"
TR-1617,"[2426, 1817, 1317]"
TR-1618,"[1581, 785, 102]"
TR-1619,"[1844, 487, 1263]"
TR-162,"[1102, 912, 1803]"
TR-1620,"[1383, 61, 390]"
TR-1621,"[233, 1596, 219]"
TR-1622,"[996, 1730, 2029]"
TR-1623,"[1077, 2207, 1599]"
TR-1624,"[1501, 644, 2320]"
TR-1625,"[1886, 2138, 1811]"
TR-1626,"[2459, 433, 1112]"
TR-1627,"[1035, 2211, 2327]"
TR-1628,"[388, 1709, 799]"
TR-1629,"[119, 2396, 2108]"
TR-163,"[1873, 2395, 1841]"
TR-1630,"[1014, 75, 1466]"
TR-1631,"[1514, 2322, 710]"
TR-1632,"[1466, 75, 1014]"
TR-1633,"[1905, 2375, 1883]"
TR-1634,"[899, 2206, 902]"
TR-1635,"[1300, 2023, 1242]"
TR-1636,"[1861, 2487, 1311]"
TR-1637,"[789, 96, 2596]"
TR-1638,"[1395, 1007, 133]"
TR-1639,"[2589, 282, 653]"
TR-164,"[1514, 299, 1731]"
TR-1640,"[2265, 95, 864]"
TR-1641,"[1595, 2353, 1914]"
TR-1642,"[2114, 2561, 631]"
TR-1643,"[837, 1011, 501]"
TR-1644,"[1779, 2036, 1209]"
TR-1645,"[2353, 1914, 750]"
TR-1646,"[1012, 912, 2125]"
TR-1647,"[217, 1144, 1224]"
TR-1648,"[1673, 1523, 190]"
TR-1649,"[2502, 718, 414]"
TR-165,"[1606, 405, 2445]"
TR-1650,"[2547, 1453, 1834]"
TR-1651,"[2545, 113, 1424]"
TR-1652,"[2376, 1463, 968]"
TR-1653,"[267, 431, 2054]"
TR-1654,"[1432, 2046, 1682]"
TR-1655,"[871, 2405, 1749]"
TR-1656,"[1687, 1103, 2173]"
TR-1657,"[117, 754, 934]"
TR-1658,"[1538, 177, 1658]"
TR-1659,"[396, 1101, 1789]"
TR-166,"[2204, 1411, 895]"
TR-1660,"[610, 1777, 517]"
TR-1661,"[1790, 65, 2562]"
TR-1662,"[2352, 297, 2146]"
TR-1663,"[602, 123, 1905]"
TR-1664,"[2145, 2203, 2373]"
TR-1665,"[2032, 451, 680]"
TR-1666,"[2073, 941, 2074]"
TR-1667,"[1713, 839, 967]"
TR-1668,"[1440, 639, 1703]"
TR-1669,"[545, 2133, 2488]"
TR-167,"[2512, 649, 1861]"
TR-1670,"[44, 1513, 117]"
TR-1671,"[2256, 1850, 1546]"
TR-1672,"[2458, 991, 219]"
TR-1673,"[39, 983, 536]"
TR-1674,"[1914, 888, 1030]"
TR-1675,"[1592, 262, 2177]"
TR-1676,"[11, 2133, 1990]"
TR-1677,"[1891, 1985, 950]"
TR-1678,"[290, 1698, 2236]"
TR-1679,"[1837, 191, 1931]"
TR-168,"[92, 117, 44]"
TR-1680,"[2220, 847, 1242]"
TR-1681,"[2167, 2332, 436]"
TR-1682,"[465, 2105, 1809]"
TR-1683,"[138, 2095, 1276]"
TR-1684,"[1363, 1969, 1253]"
TR-1685,"[2509, 1041, 1219]"
TR-1686,"[8, 855, 191]"
TR-1687,"[595, 2028, 367]"
TR-1688,"[2283, 1809, 1419]"
TR-1689,"[401, 449, 485]"
TR-169,"[2299, 2430, 2415]"
TR-1690,"[247, 2369, 2283]"
TR-1691,"[2529, 1702, 15]"
TR-1692,"[771, 1945, 298]"
TR-1693,"[1253, 770, 2398]"
TR-1694,"[1424, 1724, 65]"
TR-1695,"[1240, 1661, 2581]"
TR-1696,"[408, 898, 1806]"
TR-1697,"[2403, 2538, 1539]"
TR-1698,"[404, 2408, 1002]"
TR-1699,"[1884, 1512, 570]"
TR-17,"[1782, 1698, 1866]"
TR-170,"[142, 267, 2465]"
TR-1700,"[31, 1276, 1861]"
TR-1701,"[1086, 897, 2235]"
TR-1702,"[2064, 2333, 1605]"
TR-1703,"[1271, 2493, 1325]"
TR-1704,"[818, 1203, 2588]"
TR-1705,"[1934, 356, 1749]"
TR-1706,"[889, 1010, 1346]"
TR-1707,"[2174, 127, 2089]"
TR-1708,"[1834, 724, 1369]"
TR-1709,"[96, 709, 2596]"
TR-171,"[1067, 1133, 1642]"
TR-1710,"[2336, 1783, 877]"
TR-1711,"[2145, 2373, 741]"
TR-1712,"[1909, 2405, 759]"
TR-1713,"[2424, 2311, 1315]"
TR-1714,"[651, 1245, 790]"
TR-1715,"[2250, 1628, 1384]"
TR-1716,"[587, 42, 1572]"
TR-1717,"[1115, 1729, 852]"
TR-1718,"[946, 2291, 2095]"
TR-1719,"[1621, 642, 1961]"
TR-172,"[2287, 1343, 1276]"
TR-1720,"[2121, 607, 1217]"
TR-1721,"[1227, 2025, 982]"
TR-1722,"[1974, 998, 80]"
TR-1723,"[212, 2405, 458]"
TR-1724,"[2102, 449, 184]"
TR-1725,"[2114, 2561, 1754]"
TR-1726,"[340, 718, 1092]"
TR-1727,"[1969, 731, 56]"
TR-1728,"[949, 1516, 1453]"
TR-1729,"[960, 2408, 2173]"
TR-173,"[982, 2025, 2226]"
TR-1730,"[2298, 2159, 201]"
TR-1731,"[1226, 773, 1942]"
TR-1732,"[2505, 1099, 685]"
TR-1733,"[2369, 865, 605]"
TR-1734,"[505, 2372, 51]"
TR-1735,"[392, 1203, 2588]"
TR-1736,"[1450, 1538, 934]"
TR-1737,"[2496, 2469, 513]"
TR-1738,"[1813, 299, 970]"
TR-1739,"[981, 419, 2124]"
TR-174,"[1355, 760, 1630]"
TR-1740,"[2317, 1143, 1188]"
TR-1741,"[758, 2477, 2461]"
TR-1742,"[142, 267, 411]"
TR-1743,"[793, 548, 1909]"
TR-1744,"[1519, 2110, 2417]"
TR-1745,"[359, 62, 357]"
TR-1746,"[1250, 772, 2471]"
TR-1747,"[1009, 2302, 892]"
TR-1748,"[1720, 1887, 2122]"
TR-1749,"[1201, 1449, 2350]"
TR-175,"[993, 1283, 2498]"
TR-1750,"[2442, 271, 2496]"
TR-1751,"[2384, 1067, 1613]"
TR-1752,"[191, 855, 1359]"
TR-1753,"[2100, 1010, 668]"
TR-1754,"[1262, 503, 1090]"
TR-1755,"[913, 2150, 1803]"
TR-1756,"[190, 1523, 1406]"
TR-1757,"[1685, 138, 799]"
TR-1758,"[942, 1080, 461]"
TR-1759,"[502, 1206, 333]"
TR-176,"[2373, 2145, 1467]"
TR-1760,"[902, 560, 2487]"
TR-1761,"[757, 1037, 1930]"
TR-1762,"[2010, 514, 2135]"
TR-1763,"[1089, 1897, 143]"
TR-1764,"[2568, 358, 1591]"
TR-1765,"[1514, 2082, 458]"
TR-1766,"[1895, 1690, 1290]"
TR-1767,"[1487, 1661, 776]"
TR-1768,"[717, 1779, 128]"
TR-1769,"[191, 837, 1979]"
TR-177,"[2213, 2505, 632]"
TR-1770,"[2220, 658, 1886]"
TR-1771,"[1809, 1749, 1173]"
TR-1772,"[1553, 1025, 618]"
TR-1773,"[1542, 2480, 222]"
TR-1774,"[972, 1048, 2164]"
TR-1775,"[793, 537, 1832]"
TR-1776,"[2601, 1839, 1824]"
TR-1777,"[1072, 941, 2074]"
TR-1778,"[816, 608, 1571]"
TR-1779,"[269, 935, 1053]"
TR-178,"[683, 618, 1644]"
TR-1780,"[102, 2503, 109]"
TR-1781,"[2161, 2172, 879]"
TR-1782,"[1230, 360, 120]"
TR-1783,"[1896, 235, 729]"
TR-1784,"[1947, 1781, 1389]"
TR-1785,"[1127, 1187, 260]"
TR-1786,"[2168, 315, 2240]"
TR-1787,"[2436, 2214, 595]"
TR-1788,"[809, 1624, 682]"
TR-1789,"[1783, 791, 1317]"
TR-179,"[1853, 1766, 2194]"
TR-1790,"[222, 251, 506]"
TR-1791,"[126, 986, 1154]"
TR-1792,"[1068, 956, 2166]"
TR-1793,"[442, 1153, 2514]"
TR-1794,"[1890, 1779, 1378]"
TR-1795,"[2245, 2046, 1311]"
TR-1796,"[2507, 1888, 2034]"
TR-1797,"[1573, 56, 1749]"
TR-1798,"[2554, 2176, 2218]"
TR-1799,"[1092, 1030, 173]"
TR-18,"[1010, 1656, 1960]"
TR-180,"[1847, 770, 180]"
TR-1800,"[2070, 1270, 1185]"
TR-1801,"[831, 2302, 1009]"
TR-1802,"[837, 2400, 1077]"
TR-1803,"[1251, 1680, 1490]"
TR-1804,"[734, 1411, 2204]"
TR-1805,"[2192, 2508, 2504]"
TR-1806,"[1086, 781, 2235]"
TR-1807,"[2083, 1958, 1689]"
TR-1808,"[146, 1431, 2444]"
TR-1809,"[2085, 2123, 1221]"
TR-181,"[1362, 2159, 201]"
TR-1810,"[799, 299, 846]"
TR-1811,"[1582, 349, 1984]"
TR-1812,"[1869, 1408, 1783]"
TR-1813,"[2052, 501, 576]"
TR-1814,"[1510, 78, 991]"
TR-1815,"[934, 772, 1137]"
TR-1816,"[339, 379, 89]"
TR-1817,"[87, 578, 1200]"
TR-1818,"[1752, 760, 131]"
TR-1819,"[426, 149, 23]"
TR-182,"[1102, 2125, 2358]"
TR-1820,"[1612, 840, 928]"
TR-1821,"[202, 977, 1495]"
TR-1822,"[926, 666, 1966]"
TR-1823,"[443, 618, 975]"
TR-1824,"[2504, 2345, 896]"
TR-1825,"[2260, 1082, 527]"
TR-1826,"[324, 2347, 1204]"
TR-1827,"[1599, 297, 151]"
TR-1828,"[1639, 1454, 56]"
TR-1829,"[470, 501, 1510]"
TR-183,"[2287, 2487, 189]"
TR-1830,"[327, 46, 1207]"
TR-1831,"[1745, 2200, 1455]"
TR-1832,"[915, 2175, 666]"
TR-1833,"[1850, 2509, 1219]"
TR-1834,"[1935, 1630, 1979]"
TR-1835,"[39, 1836, 2243]"
TR-1836,"[2496, 271, 820]"
TR-1837,"[2054, 826, 99]"
TR-1838,"[1515, 863, 2601]"
TR-1839,"[1256, 668, 1552]"
TR-184,"[2192, 896, 2047]"
TR-1840,"[269, 866, 1863]"
TR-1841,"[1521, 1736, 1956]"
TR-1842,"[2026, 105, 2443]"
TR-1843,"[2387, 1254, 1578]"
TR-1844,"[413, 1285, 1021]"
TR-1845,"[946, 1007, 2338]"
TR-1846,"[2074, 2226, 2212]"
TR-1847,"[461, 1080, 843]"
TR-1848,"[2248, 197, 2348]"
TR-1849,"[1394, 1297, 2520]"
TR-185,"[2149, 2209, 2218]"
TR-1850,"[2291, 799, 2458]"
TR-1851,"[1522, 186, 2378]"
TR-1852,"[2402, 1408, 1613]"
TR-1853,"[2249, 1728, 427]"
TR-1854,"[1985, 753, 1891]"
TR-1855,"[2378, 1173, 451]"
TR-1856,"[325, 32, 433]"
TR-1857,"[1363, 1817, 1033]"
TR-1858,"[325, 433, 738]"
TR-1859,"[1567, 60, 328]"
TR-186,"[2082, 492, 1108]"
TR-1860,"[2369, 1064, 247]"
TR-1861,"[933, 2459, 433]"
TR-1862,"[244, 2540, 2300]"
TR-1863,"[2408, 301, 2108]"
TR-1864,"[99, 826, 267]"
TR-1865,"[2086, 1946, 1746]"
TR-1866,"[754, 2105, 2014]"
TR-1867,"[473, 2503, 656]"
TR-1868,"[2155, 1301, 686]"
TR-1869,"[1969, 1681, 329]"
TR-187,"[839, 742, 871]"
TR-1870,"[2479, 845, 79]"
TR-1871,"[1261, 677, 2228]"
TR-1872,"[591, 308, 1813]"
TR-1873,"[2417, 1002, 2408]"
TR-1874,"[1048, 861, 941]"
TR-1875,"[2381, 1139, 912]"
TR-1876,"[1632, 2005, 744]"
TR-1877,"[394, 2512, 167]"
TR-1878,"[1705, 2065, 1105]"
TR-1879,"[1043, 2255, 283]"
TR-188,"[549, 155, 1116]"
TR-1880,"[1551, 1346, 889]"
TR-1881,"[2549, 2003, 68]"
TR-1882,"[822, 2124, 2543]"
TR-1883,"[2025, 2226, 941]"
TR-1884,"[796, 2250, 2135]"
TR-1885,"[1364, 162, 297]"
TR-1886,"[588, 162, 1364]"
TR-1887,"[1154, 1268, 1292]"
TR-1888,"[1394, 1297, 11]"
TR-1889,"[620, 2510, 2090]"
TR-189,"[1616, 615, 2000]"
TR-1890,"[804, 1974, 998]"
TR-1891,"[2146, 78, 1979]"
TR-1892,"[1312, 1284, 2006]"
TR-1893,"[2295, 834, 2498]"
TR-1894,"[1655, 1066, 649]"
TR-1895,"[1617, 2031, 1516]"
TR-1896,"[1742, 1665, 2373]"
TR-1897,"[2246, 385, 1222]"
TR-1898,"[1974, 804, 80]"
TR-1899,"[537, 2487, 2092]"
TR-19,"[2095, 649, 1510]"
TR-190,"[2559, 1293, 1382]"
TR-1900,"[776, 404, 119]"
TR-1901,"[1708, 1474, 1173]"
TR-1902,"[2471, 1692, 65]"
TR-1903,"[1384, 905, 1599]"
TR-1904,"[108, 435, 2395]"
TR-1905,"[1973, 2533, 895]"
TR-1906,"[136, 1128, 2331]"
TR-1907,"[831, 222, 327]"
TR-1908,"[889, 1656, 838]"
TR-1909,"[837, 2153, 1077]"
TR-191,"[719, 2125, 103]"
TR-1910,"[1638, 1627, 1500]"
TR-1911,"[75, 702, 629]"
TR-1912,"[2218, 1622, 2554]"
TR-1913,"[2270, 2281, 2597]"
TR-1914,"[1436, 1727, 1736]"
TR-1915,"[2199, 1439, 1828]"
TR-1916,"[1284, 2182, 986]"
TR-1917,"[307, 1309, 358]"
TR-1918,"[1812, 1424, 772]"
TR-1919,"[1630, 2533, 1841]"
TR-192,"[117, 390, 171]"
TR-1920,"[1437, 1907, 2224]"
TR-1921,"[1553, 859, 1077]"
TR-1922,"[367, 2461, 1118]"
TR-1923,"[664, 2325, 2290]"
TR-1924,"[2056, 1883, 2202]"
TR-1925,"[2099, 1581, 1405]"
TR-1926,"[2234, 888, 20]"
TR-1927,"[512, 199, 71]"
TR-1928,"[1350, 1364, 1548]"
TR-1929,"[1869, 522, 1317]"
TR-193,"[1280, 1345, 34]"
TR-1930,"[698, 1310, 528]"
TR-1931,"[535, 7, 2150]"
TR-1932,"[2060, 2214, 436]"
TR-1933,"[229, 1942, 169]"
TR-1934,"[1699, 2600, 2073]"
TR-1935,"[571, 2445, 2338]"
TR-1936,"[2082, 762, 2279]"
TR-1937,"[295, 1564, 1594]"
TR-1938,"[977, 2255, 283]"
TR-1939,"[1877, 2356, 2252]"
TR-194,"[1424, 65, 1631]"
TR-1940,"[760, 497, 470]"
TR-1941,"[2260, 153, 1623]"
TR-1942,"[972, 861, 1158]"
TR-1943,"[1081, 2279, 2311]"
TR-1944,"[2566, 1923, 1915]"
TR-1945,"[75, 1014, 1466]"
TR-1946,"[1921, 207, 396]"
TR-1947,"[2382, 269, 1181]"
TR-1948,"[614, 1617, 1487]"
TR-1949,"[148, 2458, 911]"
TR-195,"[132, 886, 1097]"
TR-1950,"[147, 2050, 138]"
TR-1951,"[547, 24, 1588]"
TR-1952,"[679, 741, 1117]"
TR-1953,"[977, 2278, 1043]"
TR-1954,"[1253, 1968, 1945]"
TR-1955,"[198, 535, 2248]"
TR-1956,"[1359, 2400, 837]"
TR-1957,"[11, 1316, 2509]"
TR-1958,"[2484, 1979, 975]"
TR-1959,"[837, 2512, 1852]"
TR-196,"[2107, 790, 836]"
TR-1960,"[881, 956, 2166]"
TR-1961,"[2269, 2457, 2476]"
TR-1962,"[472, 97, 2082]"
TR-1963,"[1474, 2177, 234]"
TR-1964,"[441, 864, 528]"
TR-1965,"[2474, 247, 242]"
TR-1966,"[1843, 1836, 39]"
TR-1967,"[1449, 2350, 2270]"
TR-1968,"[80, 793, 804]"
TR-1969,"[2486, 582, 1800]"
TR-197,"[2267, 1963, 1651]"
TR-1970,"[2336, 1482, 2361]"
TR-1971,"[942, 461, 843]"
TR-1972,"[2279, 8, 1049]"
TR-1973,"[527, 2090, 977]"
TR-1974,"[1287, 1845, 2503]"
TR-1975,"[564, 2032, 680]"
TR-1976,"[1248, 1823, 989]"
TR-1977,"[781, 897, 2235]"
TR-1978,"[2322, 1190, 1687]"
TR-1979,"[2569, 1501, 1953]"
TR-198,"[849, 1897, 143]"
TR-1980,"[1262, 503, 839]"
TR-1981,"[989, 1633, 1616]"
TR-1982,"[888, 1955, 1914]"
TR-1983,"[1929, 249, 1178]"
TR-1984,"[874, 2168, 315]"
TR-1985,"[1374, 2268, 1244]"
TR-1986,"[556, 2082, 251]"
TR-1987,"[1666, 772, 1724]"
TR-1988,"[1190, 148, 2150]"
TR-1989,"[2505, 815, 685]"
TR-199,"[2292, 2164, 2331]"
TR-1990,"[1426, 972, 1048]"
TR-1991,"[912, 2125, 690]"
TR-1992,"[811, 1546, 1194]"
TR-1993,"[1666, 2420, 76]"
TR-1994,"[2073, 1812, 1724]"
TR-1995,"[1977, 2367, 4]"
TR-1996,"[2088, 1412, 164]"
TR-1997,"[1130, 824, 2159]"
TR-1998,"[550, 464, 2482]"
TR-1999,"[1264, 2455, 278]"
TR-2,"[2315, 1165, 408]"
TR-20,"[1552, 668, 1256]"
TR-200,"[1535, 421, 813]"
TR-2000,"[619, 606, 1957]"
TR-2001,"[798, 1729, 852]"
TR-2002,"[978, 2211, 1503]"
TR-2003,"[380, 68, 1886]"
TR-2004,"[698, 1026, 499]"
TR-2005,"[1184, 1385, 2514]"
TR-2006,"[459, 2298, 493]"
TR-2007,"[1468, 1634, 1611]"
TR-2008,"[123, 16, 705]"
TR-2009,"[2606, 2290, 1553]"
TR-201,"[2526, 529, 2503]"
TR-2010,"[1453, 2455, 351]"
TR-2011,"[2146, 1922, 1542]"
TR-2012,"[260, 2062, 1187]"
TR-2013,"[2410, 696, 1756]"
TR-2014,"[919, 1204, 324]"
TR-2015,"[1108, 1813, 1249]"
TR-2016,"[1347, 1326, 2260]"
TR-2017,"[2311, 20, 1639]"
TR-2018,"[1463, 1448, 372]"
TR-2019,"[405, 710, 1448]"
TR-202,"[1102, 690, 1875]"
TR-2020,"[1589, 1651, 1731]"
TR-2021,"[1385, 2047, 772]"
TR-2022,"[2121, 802, 565]"
TR-2023,"[912, 2125, 1102]"
TR-2024,"[616, 156, 1036]"
TR-2025,"[650, 1452, 2411]"
TR-2026,"[1667, 2486, 2592]"
TR-2027,"[824, 2159, 2317]"
TR-2028,"[1224, 2014, 2105]"
TR-2029,"[65, 1424, 283]"
TR-203,"[1365, 1635, 13]"
TR-2030,"[741, 1117, 1056]"
TR-2031,"[2108, 1850, 2320]"
TR-2032,"[2409, 1685, 2311]"
TR-2033,"[2233, 46, 1912]"
TR-2034,"[882, 221, 442]"
TR-2035,"[1244, 75, 1374]"
TR-2036,"[772, 2471, 1692]"
TR-2037,"[538, 986, 513]"
TR-2038,"[2000, 1099, 685]"
TR-2039,"[2587, 2331, 1569]"
TR-204,"[2570, 1785, 1912]"
TR-2040,"[115, 1048, 941]"
TR-2041,"[1320, 2491, 1460]"
TR-2042,"[947, 186, 1522]"
TR-2043,"[37, 222, 2046]"
TR-2044,"[973, 719, 820]"
TR-2045,"[1185, 1756, 102]"
TR-2046,"[1898, 2081, 113]"
TR-2047,"[1944, 1111, 408]"
TR-2048,"[1420, 572, 2190]"
TR-2049,"[148, 2458, 2045]"
TR-205,"[1313, 2491, 480]"
TR-2050,"[2279, 1915, 2133]"
TR-2051,"[1370, 380, 248]"
TR-2052,"[611, 1560, 2046]"
TR-2053,"[187, 2332, 950]"
TR-2054,"[1708, 1474, 1789]"
TR-2055,"[2458, 31, 780]"
TR-2056,"[2556, 185, 2334]"
TR-2057,"[1783, 624, 1033]"
TR-2058,"[102, 2574, 1811]"
TR-2059,"[158, 1579, 2390]"
TR-206,"[2348, 259, 1707]"
TR-2060,"[934, 1896, 1798]"
TR-2061,"[1599, 200, 1548]"
TR-2062,"[1975, 2280, 2320]"
TR-2063,"[1889, 230, 2250]"
TR-2064,"[533, 2255, 1385]"
TR-2065,"[1163, 1756, 1811]"
TR-2066,"[91, 148, 975]"
TR-2067,"[260, 2062, 2534]"
TR-2068,"[841, 824, 2563]"
TR-2069,"[107, 155, 1848]"
TR-207,"[1241, 895, 734]"
TR-2070,"[2204, 1411, 734]"
TR-2071,"[1626, 1719, 138]"
TR-2072,"[1964, 2156, 55]"
TR-2073,"[1661, 1546, 1995]"
TR-2074,"[2194, 1089, 849]"
TR-2075,"[21, 2078, 616]"
TR-2076,"[1207, 2082, 2317]"
TR-2077,"[521, 1550, 2209]"
TR-2078,"[685, 1649, 989]"
TR-2079,"[172, 1739, 804]"
TR-208,"[420, 2417, 828]"
TR-2080,"[1648, 1486, 2320]"
TR-2081,"[2588, 392, 818]"
TR-2082,"[62, 2347, 919]"
TR-2083,"[1184, 533, 246]"
TR-2084,"[502, 333, 194]"
TR-2085,"[2317, 371, 824]"
TR-2086,"[2586, 865, 488]"
TR-2087,"[1282, 717, 1779]"
TR-2088,"[874, 2168, 315]"
TR-2089,"[2073, 977, 2255]"
TR-209,"[308, 1311, 51]"
TR-2090,"[280, 1092, 1456]"
TR-2091,"[2119, 1368, 1787]"
TR-2092,"[2325, 1627, 581]"
TR-2093,"[108, 879, 1973]"
TR-2094,"[69, 1819, 802]"
TR-2095,"[2351, 1200, 1739]"
TR-2096,"[1474, 2509, 427]"
TR-2097,"[595, 259, 967]"
TR-2098,"[2085, 1660, 900]"
TR-2099,"[1757, 385, 2476]"
TR-21,"[639, 1630, 138]"
TR-210,"[1144, 2014, 2105]"
TR-2100,"[2197, 2517, 2544]"
TR-2101,"[2581, 773, 1401]"
TR-2102,"[803, 982, 2025]"
TR-2103,"[1791, 2506, 1230]"
TR-2104,"[549, 69, 2303]"
TR-2105,"[870, 1228, 2029]"
TR-2106,"[1053, 1655, 470]"
TR-2107,"[1754, 383, 2185]"
TR-2108,"[508, 594, 1767]"
TR-2109,"[188, 924, 867]"
TR-211,"[1396, 267, 1388]"
TR-2110,"[2065, 1672, 208]"
TR-2111,"[1417, 2526, 386]"
TR-2112,"[2144, 1215, 2008]"
TR-2113,"[120, 2214, 1305]"
TR-2114,"[773, 2151, 1401]"
TR-2115,"[553, 222, 1563]"
TR-2116,"[2023, 757, 1044]"
TR-2117,"[1103, 2139, 1088]"
TR-2118,"[629, 1374, 1152]"
TR-2119,"[790, 2582, 1605]"
TR-212,"[2448, 108, 1432]"
TR-2120,"[332, 1157, 1785]"
TR-2121,"[1085, 1823, 989]"
TR-2122,"[1298, 1813, 1563]"
TR-2123,"[830, 772, 802]"
TR-2124,"[894, 108, 911]"
TR-2125,"[1731, 1861, 837]"
TR-2126,"[1544, 771, 2503]"
TR-2127,"[2387, 938, 1578]"
TR-2128,"[1298, 1542, 1841]"
TR-2129,"[1552, 668, 1112]"
TR-213,"[2022, 2097, 2207]"
TR-2130,"[1231, 2179, 1234]"
TR-2131,"[2001, 1321, 387]"
TR-2132,"[533, 1184, 1666]"
TR-2133,"[969, 677, 2228]"
TR-2134,"[503, 839, 1090]"
TR-2135,"[1844, 1170, 1370]"
TR-2136,"[1110, 2455, 278]"
TR-2137,"[2282, 360, 1613]"
TR-2138,"[2422, 417, 536]"
TR-2139,"[1626, 1719, 920]"
TR-214,"[2021, 1292, 1991]"
TR-2140,"[1387, 552, 1671]"
TR-2141,"[1690, 2345, 891]"
TR-2142,"[783, 2493, 1325]"
TR-2143,"[934, 1137, 819]"
TR-2144,"[2344, 544, 1586]"
TR-2145,"[467, 2150, 1276]"
TR-2146,"[2538, 2403, 775]"
TR-2147,"[911, 1861, 51]"
TR-2148,"[239, 570, 777]"
TR-2149,"[2286, 571, 2242]"
TR-215,"[78, 308, 2481]"
TR-2150,"[1034, 1213, 340]"
TR-2151,"[1190, 2045, 1464]"
TR-2152,"[1209, 717, 1779]"
TR-2153,"[2498, 2399, 2295]"
TR-2154,"[2157, 1019, 932]"
TR-2155,"[413, 155, 1021]"
TR-2156,"[1241, 222, 251]"
TR-2157,"[1083, 1845, 2503]"
TR-2158,"[44, 1513, 988]"
TR-2159,"[1441, 883, 1890]"
TR-216,"[1541, 1392, 1645]"
TR-2160,"[2327, 2128, 698]"
TR-2161,"[2021, 1268, 1991]"
TR-2162,"[2570, 2464, 2052]"
TR-2163,"[1539, 1187, 2538]"
TR-2164,"[920, 2195, 297]"
TR-2165,"[204, 2259, 604]"
TR-2166,"[1315, 2509, 11]"
TR-2167,"[362, 618, 1269]"
TR-2168,"[1906, 2241, 577]"
TR-2169,"[707, 2023, 1242]"
TR-217,"[965, 2155, 118]"
TR-2170,"[1497, 1045, 412]"
TR-2171,"[737, 2352, 1065]"
TR-2172,"[2320, 1661, 2396]"
TR-2173,"[2402, 2107, 1613]"
TR-2174,"[1752, 1685, 1709]"
TR-2175,"[211, 1470, 2165]"
TR-2176,"[413, 1285, 1567]"
TR-2177,"[358, 1668, 2203]"
TR-2178,"[1035, 55, 224]"
TR-2179,"[1212, 2486, 1767]"
TR-218,"[992, 1040, 2412]"
TR-2180,"[1168, 2287, 1650]"
TR-2181,"[1696, 1333, 2071]"
TR-2182,"[1297, 2509, 11]"
TR-2183,"[1600, 1682, 11]"
TR-2184,"[522, 1408, 1033]"
TR-2185,"[2158, 351, 1882]"
TR-2186,"[1394, 98, 826]"
TR-2187,"[53, 1159, 1197]"
TR-2188,"[2001, 387, 2355]"
TR-2189,"[627, 2203, 731]"
TR-219,"[2380, 2194, 1809]"
TR-2190,"[2570, 1498, 1747]"
TR-2191,"[637, 85, 783]"
TR-2192,"[1131, 1347, 1528]"
TR-2193,"[1504, 1896, 1332]"
TR-2194,"[2303, 69, 181]"
TR-2195,"[1480, 1355, 1039]"
TR-2196,"[25, 401, 1258]"
TR-2197,"[1724, 977, 982]"
TR-2198,"[980, 2549, 2334]"
TR-2199,"[1314, 1317, 1033]"
TR-22,"[1954, 2576, 464]"
TR-220,"[1259, 1435, 387]"
TR-2200,"[754, 628, 846]"
TR-2201,"[1554, 65, 2255]"
TR-2202,"[1037, 2443, 758]"
TR-2203,"[337, 654, 2487]"
TR-2204,"[2318, 1410, 427]"
TR-2205,"[2473, 554, 1725]"
TR-2206,"[71, 1173, 1253]"
TR-2207,"[2046, 2245, 46]"
TR-2208,"[1806, 336, 2441]"
TR-2209,"[281, 2050, 1709]"
TR-221,"[1551, 979, 889]"
TR-2210,"[1131, 55, 2260]"
TR-2211,"[2422, 536, 1090]"
TR-2212,"[653, 1424, 977]"
TR-2213,"[1032, 1364, 1181]"
TR-2214,"[520, 1459, 854]"
TR-2215,"[1790, 736, 1799]"
TR-2216,"[1137, 934, 2006]"
TR-2217,"[1860, 1670, 2150]"
TR-2218,"[338, 1480, 830]"
TR-2219,"[1790, 585, 736]"
TR-222,"[1475, 790, 2227]"
TR-2220,"[632, 245, 409]"
TR-2221,"[1979, 837, 2153]"
TR-2222,"[2225, 1452, 622]"
TR-2223,"[1245, 2384, 89]"
TR-2224,"[901, 201, 2159]"
TR-2225,"[761, 1817, 2550]"
TR-2226,"[984, 588, 162]"
TR-2227,"[2014, 2118, 1144]"
TR-2228,"[1830, 839, 417]"
TR-2229,"[1519, 1917, 1972]"
TR-223,"[2322, 408, 1758]"
TR-2230,"[1666, 2516, 917]"
TR-2231,"[1170, 380, 248]"
TR-2232,"[1207, 1470, 1197]"
TR-2233,"[2120, 2124, 2129]"
TR-2234,"[650, 2383, 2411]"
TR-2235,"[1244, 629, 1095]"
TR-2236,"[2434, 831, 0]"
TR-2237,"[1897, 2551, 1089]"
TR-2238,"[1495, 2278, 283]"
TR-2239,"[883, 1890, 1779]"
TR-224,"[2221, 579, 2198]"
TR-2240,"[1647, 380, 400]"
TR-2241,"[255, 854, 899]"
TR-2242,"[619, 2254, 1001]"
TR-2243,"[1613, 2160, 1949]"
TR-2244,"[1599, 200, 920]"
TR-2245,"[772, 65, 1424]"
TR-2246,"[2606, 2287, 2290]"
TR-2247,"[1269, 1671, 552]"
TR-2248,"[1235, 1394, 1319]"
TR-2249,"[1260, 1315, 267]"
TR-225,"[2590, 2083, 1456]"
TR-2250,"[2439, 2107, 1642]"
TR-2251,"[1645, 1851, 1290]"
TR-2252,"[273, 1479, 129]"
TR-2253,"[944, 1297, 987]"
TR-2254,"[710, 946, 584]"
TR-2255,"[1235, 267, 826]"
TR-2256,"[1664, 1863, 498]"
TR-2257,"[1685, 449, 2544]"
TR-2258,"[862, 2036, 887]"
TR-2259,"[1097, 1724, 1868]"
TR-226,"[61, 2581, 2034]"
TR-2260,"[1181, 23, 2]"
TR-2261,"[2053, 1824, 2300]"
TR-2262,"[1472, 2368, 1493]"
TR-2263,"[2438, 1782, 102]"
TR-2264,"[190, 1523, 721]"
TR-2265,"[629, 2268, 1374]"
TR-2266,"[2550, 1317, 522]"
TR-2267,"[353, 1324, 1748]"
TR-2268,"[1475, 56, 1573]"
TR-2269,"[2204, 734, 895]"
TR-227,"[1500, 1107, 2088]"
TR-2270,"[871, 712, 2061]"
TR-2271,"[1669, 2504, 2192]"
TR-2272,"[78, 219, 906]"
TR-2273,"[135, 2454, 1331]"
TR-2274,"[2306, 1424, 386]"
TR-2275,"[2291, 1165, 699]"
TR-2276,"[2466, 2339, 1219]"
TR-2277,"[1166, 1143, 1470]"
TR-2278,"[2223, 2307, 1686]"
TR-2279,"[2117, 2599, 2063]"
TR-228,"[358, 2312, 941]"
TR-2280,"[65, 772, 2255]"
TR-2281,"[1587, 2131, 996]"
TR-2282,"[1101, 1711, 592]"
TR-2283,"[1497, 1439, 1828]"
TR-2284,"[477, 2514, 729]"
TR-2285,"[585, 1968, 1668]"
TR-2286,"[1861, 2045, 2083]"
TR-2287,"[146, 899, 2444]"
TR-2288,"[728, 2046, 1682]"
TR-2289,"[824, 633, 841]"
TR-229,"[1185, 1886, 1756]"
TR-2290,"[2001, 1259, 1321]"
TR-2291,"[1017, 1727, 1736]"
TR-2292,"[1253, 2503, 2077]"
TR-2293,"[1461, 299, 1460]"
TR-2294,"[2199, 1018, 1828]"
TR-2295,"[1481, 1837, 855]"
TR-2296,"[2169, 1890, 883]"
TR-2297,"[2073, 400, 1666]"
TR-2298,"[2423, 1526, 53]"
TR-2299,"[81, 2076, 1878]"
TR-23,"[178, 1878, 2242]"
TR-230,"[125, 1957, 619]"
TR-2300,"[740, 1547, 2032]"
TR-2301,"[1133, 1067, 1485]"
TR-2302,"[2350, 1075, 2270]"
TR-2303,"[819, 55, 1538]"
TR-2304,"[563, 2412, 1791]"
TR-2305,"[650, 1141, 622]"
TR-2306,"[596, 1690, 2546]"
TR-2307,"[248, 1782, 1749]"
TR-2308,"[1745, 925, 2200]"
TR-2309,"[280, 2576, 1213]"
TR-231,"[960, 2173, 2555]"
TR-2310,"[1896, 1798, 628]"
TR-2311,"[2455, 1110, 1264]"
TR-2312,"[2491, 2446, 1461]"
TR-2313,"[1438, 1460, 299]"
TR-2314,"[410, 2225, 2317]"
TR-2315,"[1133, 2479, 372]"
TR-2316,"[916, 1126, 1563]"
TR-2317,"[1924, 119, 1661]"
TR-2318,"[75, 704, 1014]"
TR-2319,"[2363, 2145, 2373]"
TR-232,"[1634, 1121, 1596]"
TR-2320,"[1318, 706, 1282]"
TR-2321,"[818, 392, 2588]"
TR-2322,"[598, 333, 194]"
TR-2323,"[1404, 1493, 2368]"
TR-2324,"[2443, 2026, 105]"
TR-2325,"[1173, 1708, 1219]"
TR-2326,"[1410, 1424, 56]"
TR-2327,"[595, 1156, 9]"
TR-2328,"[1993, 2224, 412]"
TR-2329,"[1854, 1874, 120]"
TR-233,"[129, 2185, 1754]"
TR-2330,"[1749, 56, 2503]"
TR-2331,"[1440, 1837, 855]"
TR-2332,"[1079, 2002, 1033]"
TR-2333,"[634, 100, 799]"
TR-2334,"[475, 1575, 1424]"
TR-2335,"[1448, 1020, 307]"
TR-2336,"[490, 2034, 2280]"
TR-2337,"[2256, 2108, 2378]"
TR-2338,"[2013, 1832, 119]"
TR-2339,"[1642, 48, 729]"
TR-234,"[108, 1251, 1596]"
TR-2340,"[928, 1935, 222]"
TR-2341,"[90, 1228, 1448]"
TR-2342,"[1472, 1404, 2368]"
TR-2343,"[2326, 1567, 2366]"
TR-2344,"[1377, 977, 653]"
TR-2345,"[1024, 185, 1175]"
TR-2346,"[1045, 123, 602]"
TR-2347,"[1747, 287, 2374]"
TR-2348,"[2055, 2525, 219]"
TR-2349,"[685, 989, 815]"
TR-235,"[1088, 1946, 1486]"
TR-2350,"[1453, 2311, 1307]"
TR-2351,"[2523, 60, 832]"
TR-2352,"[1327, 145, 2331]"
TR-2353,"[1851, 2119, 2491]"
TR-2354,"[2108, 2417, 1487]"
TR-2355,"[1881, 1739, 422]"
TR-2356,"[444, 1829, 1616]"
TR-2357,"[89, 2301, 735]"
TR-2358,"[501, 649, 308]"
TR-2359,"[1979, 975, 855]"
TR-236,"[1884, 777, 684]"
TR-2360,"[746, 117, 1620]"
TR-2361,"[639, 1440, 755]"
TR-2362,"[2601, 863, 1839]"
TR-2363,"[2348, 1756, 1219]"
TR-2364,"[280, 2133, 973]"
TR-2365,"[1639, 934, 2001]"
TR-2366,"[1367, 1917, 1972]"
TR-2367,"[1525, 428, 1601]"
TR-2368,"[936, 2562, 65]"
TR-2369,"[186, 947, 2378]"
TR-237,"[190, 1406, 721]"
TR-2370,"[470, 1181, 151]"
TR-2371,"[428, 1520, 1601]"
TR-2372,"[2423, 1443, 1714]"
TR-2373,"[886, 56, 1782]"
TR-2374,"[604, 516, 593]"
TR-2375,"[1869, 897, 781]"
TR-2376,"[458, 1838, 952]"
TR-2377,"[1216, 0, 237]"
TR-2378,"[1753, 1021, 1896]"
TR-2379,"[2328, 643, 586]"
TR-238,"[1559, 39, 1713]"
TR-2380,"[1660, 1967, 2317]"
TR-2381,"[2510, 1310, 477]"
TR-2382,"[1402, 1181, 2241]"
TR-2383,"[1424, 65, 934]"
TR-2384,"[2538, 775, 2403]"
TR-2385,"[89, 2373, 2520]"
TR-2386,"[1290, 1270, 202]"
TR-2387,"[1126, 1979, 1922]"
TR-2388,"[2173, 1546, 1661]"
TR-2389,"[1253, 2334, 402]"
TR-239,"[2179, 644, 1769]"
TR-2390,"[1661, 811, 747]"
TR-2391,"[1447, 1782, 1681]"
TR-2392,"[1181, 1599, 1011]"
TR-2393,"[902, 1687, 1045]"
TR-2394,"[211, 755, 222]"
TR-2395,"[1346, 979, 889]"
TR-2396,"[1112, 668, 1256]"
TR-2397,"[859, 1025, 618]"
TR-2398,"[1337, 2327, 41]"
TR-2399,"[611, 1009, 884]"
TR-24,"[1966, 1657, 2175]"
TR-240,"[1907, 1710, 108]"
TR-2400,"[2451, 1593, 272]"
TR-2401,"[1534, 39, 1713]"
TR-2402,"[1171, 611, 855]"
TR-2403,"[2484, 973, 1610]"
TR-2404,"[2129, 974, 89]"
TR-2405,"[1464, 1241, 1126]"
TR-2406,"[418, 1896, 65]"
TR-2407,"[2531, 466, 11]"
TR-2408,"[2507, 885, 1888]"
TR-2409,"[2326, 1494, 640]"
TR-241,"[224, 1758, 2090]"
TR-2410,"[1629, 1082, 2461]"
TR-2411,"[77, 1799, 623]"
TR-2412,"[387, 1335, 1259]"
TR-2413,"[308, 191, 855]"
TR-2414,"[886, 56, 977]"
TR-2415,"[2392, 1530, 540]"
TR-2416,"[475, 1484, 2526]"
TR-2417,"[2418, 267, 2405]"
TR-2418,"[1175, 1086, 2412]"
TR-2419,"[1452, 1141, 2387]"
TR-242,"[1178, 158, 2390]"
TR-2420,"[269, 866, 935]"
TR-2421,"[2549, 592, 2003]"
TR-2422,"[903, 349, 1984]"
TR-2423,"[1674, 2562, 65]"
TR-2424,"[1782, 1454, 180]"
TR-2425,"[1219, 411, 2248]"
TR-2426,"[2344, 544, 2575]"
TR-2427,"[2131, 1425, 996]"
TR-2428,"[287, 1747, 1498]"
TR-2429,"[1136, 1651, 1731]"
TR-243,"[759, 795, 252]"
TR-2430,"[358, 2152, 2066]"
TR-2431,"[751, 1681, 391]"
TR-2432,"[1558, 2451, 272]"
TR-2433,"[1879, 199, 512]"
TR-2434,"[714, 2353, 718]"
TR-2435,"[1468, 1121, 1634]"
TR-2436,"[2514, 1385, 55]"
TR-2437,"[1497, 1547, 1405]"
TR-2438,"[1181, 200, 1822]"
TR-2439,"[1316, 1682, 2046]"
TR-244,"[2359, 428, 170]"
TR-2440,"[1858, 2502, 929]"
TR-2441,"[371, 2225, 233]"
TR-2442,"[405, 1928, 1821]"
TR-2443,"[1896, 1798, 2124]"
TR-2444,"[2333, 723, 2060]"
TR-2445,"[179, 2504, 2438]"
TR-2446,"[1782, 1760, 1740]"
TR-2447,"[1055, 1186, 2111]"
TR-2448,"[1986, 305, 973]"
TR-2449,"[2165, 1121, 1634]"
TR-245,"[913, 928, 1935]"
TR-2450,"[1383, 2160, 2203]"
TR-2451,"[649, 272, 1889]"
TR-2452,"[160, 103, 1803]"
TR-2453,"[1829, 562, 989]"
TR-2454,"[1314, 1763, 1054]"
TR-2455,"[1933, 1391, 1777]"
TR-2456,"[1613, 2336, 1711]"
TR-2457,"[1513, 44, 746]"
TR-2458,"[1961, 43, 402]"
TR-2459,"[251, 1572, 560]"
TR-246,"[2118, 2574, 2236]"
TR-2460,"[1706, 1643, 1746]"
TR-2461,"[185, 861, 1684]"
TR-2462,"[1719, 1267, 576]"
TR-2463,"[1780, 2325, 1638]"
TR-2464,"[1615, 973, 1912]"
TR-2465,"[1569, 1877, 1138]"
TR-2466,"[501, 855, 191]"
TR-2467,"[1045, 1973, 846]"
TR-2468,"[2005, 974, 987]"
TR-2469,"[1091, 1358, 989]"
TR-247,"[1468, 1121, 1611]"
TR-2470,"[205, 1434, 1788]"
TR-2471,"[1785, 1748, 576]"
TR-2472,"[1079, 163, 341]"
TR-2473,"[1013, 1500, 1627]"
TR-2474,"[1782, 934, 2471]"
TR-2475,"[667, 1855, 830]"
TR-2476,"[1685, 1752, 1806]"
TR-2477,"[790, 1391, 2439]"
TR-2478,"[1624, 1706, 998]"
TR-2479,"[2481, 1126, 618]"
TR-248,"[1392, 1851, 914]"
TR-2480,"[1953, 1686, 2569]"
TR-2481,"[1380, 785, 380]"
TR-2482,"[1876, 1661, 2555]"
TR-2483,"[685, 1780, 615]"
TR-2484,"[281, 1775, 1276]"
TR-2485,"[2267, 1078, 1963]"
TR-2486,"[2454, 2602, 2005]"
TR-2487,"[235, 1982, 1696]"
TR-2488,"[2338, 2073, 1666]"
TR-2489,"[994, 470, 1066]"
TR-249,"[497, 1794, 760]"
TR-2490,"[2175, 1556, 924]"
TR-2491,"[1538, 2478, 65]"
TR-2492,"[1996, 2337, 2037]"
TR-2493,"[1535, 2317, 1967]"
TR-2494,"[960, 2173, 2408]"
TR-2495,"[2032, 2510, 1776]"
TR-2496,"[1320, 2298, 481]"
TR-2497,"[1863, 498, 2048]"
TR-2498,"[2029, 2025, 367]"
TR-2499,"[2073, 1097, 1184]"
TR-25,"[1142, 335, 166]"
TR-250,"[358, 2152, 665]"
TR-2500,"[1414, 402, 2108]"
TR-2501,"[1354, 1860, 2150]"
TR-2502,"[1387, 1269, 552]"
TR-2503,"[2228, 1953, 1897]"
TR-2504,"[721, 1523, 190]"
TR-2505,"[1583, 1887, 2122]"
TR-2506,"[669, 1778, 2314]"
TR-2507,"[455, 1343, 1207]"
TR-2508,"[1525, 428, 170]"
TR-2509,"[1896, 934, 1701]"
TR-251,"[2044, 1872, 483]"
TR-2510,"[2048, 498, 1664]"
TR-2511,"[1887, 1760, 1285]"
TR-2512,"[11, 1316, 2245]"
TR-2513,"[2123, 1159, 1382]"
TR-2514,"[2402, 2445, 585]"
TR-2515,"[1276, 2017, 1149]"
TR-2516,"[209, 2065, 2569]"
TR-2517,"[730, 1669, 1661]"
TR-2518,"[1737, 462, 2089]"
TR-2519,"[2083, 1958, 1852]"
TR-252,"[1270, 1756, 702]"
TR-2520,"[1136, 1589, 408]"
TR-2521,"[45, 2471, 171]"
TR-2522,"[785, 2073, 1239]"
TR-2523,"[837, 649, 78]"
TR-2524,"[1765, 1538, 2529]"
TR-2525,"[1314, 1333, 1079]"
TR-2526,"[304, 445, 10]"
TR-2527,"[2067, 155, 565]"
TR-2528,"[2471, 2303, 390]"
TR-2529,"[465, 1219, 702]"
TR-253,"[1698, 1639, 2067]"
TR-2530,"[451, 769, 1417]"
TR-2531,"[308, 1212, 1861]"
TR-2532,"[2301, 1591, 1643]"
TR-2533,"[1331, 976, 1082]"
TR-2534,"[1624, 1643, 1746]"
TR-2535,"[1756, 2060, 1117]"
TR-2536,"[1173, 1003, 1474]"
TR-2537,"[2017, 2045, 1510]"
TR-2538,"[1907, 222, 1973]"
TR-2539,"[2077, 344, 2252]"
TR-254,"[2079, 544, 1586]"
TR-2540,"[39, 391, 1534]"
TR-2541,"[1526, 469, 2150]"
TR-2542,"[1278, 131, 910]"
TR-2543,"[488, 2564, 227]"
TR-2544,"[1282, 2437, 1209]"
TR-2545,"[564, 2461, 1185]"
TR-2546,"[1626, 1267, 297]"
TR-2547,"[832, 1887, 2122]"
TR-2548,"[1752, 449, 952]"
TR-2549,"[1165, 1944, 594]"
TR-255,"[291, 1634, 1251]"
TR-2550,"[772, 1424, 2255]"
TR-2551,"[2159, 201, 1535]"
TR-2552,"[1756, 1598, 1163]"
TR-2553,"[1017, 1436, 1518]"
TR-2554,"[949, 961, 1394]"
TR-2555,"[798, 1115, 852]"
TR-2556,"[693, 2271, 1478]"
TR-2557,"[2400, 1252, 2592]"
TR-2558,"[2384, 735, 1133]"
TR-2559,"[492, 1219, 2310]"
TR-256,"[1432, 336, 728]"
TR-2560,"[2529, 150, 769]"
TR-2561,"[1798, 1814, 1896]"
TR-2562,"[462, 1688, 645]"
TR-2563,"[2045, 2592, 1053]"
TR-2564,"[1200, 804, 1974]"
TR-2565,"[1866, 2510, 1229]"
TR-2566,"[135, 1424, 496]"
TR-2567,"[2369, 2438, 974]"
TR-2568,"[2018, 2548, 483]"
TR-2569,"[2082, 1952, 928]"
TR-257,"[925, 2200, 1455]"
TR-2570,"[1946, 11, 1682]"
TR-2571,"[1498, 287, 2374]"
TR-2572,"[1628, 2037, 1615]"
TR-2573,"[886, 380, 56]"
TR-2574,"[34, 236, 848]"
TR-2575,"[2168, 315, 874]"
TR-2576,"[131, 1122, 123]"
TR-2577,"[1532, 1424, 1021]"
TR-2578,"[1232, 383, 129]"
TR-2579,"[1725, 784, 2423]"
TR-258,"[2138, 1811, 1886]"
TR-2580,"[1222, 385, 2457]"
TR-2581,"[799, 683, 1241]"
TR-2582,"[1967, 1714, 469]"
TR-2583,"[2259, 204, 1528]"
TR-2584,"[2322, 572, 335]"
TR-2585,"[2373, 2145, 1980]"
TR-2586,"[998, 114, 163]"
TR-2587,"[1128, 2424, 1068]"
TR-2588,"[1695, 451, 2073]"
TR-2589,"[320, 878, 1853]"
TR-259,"[2072, 1952, 2083]"
TR-2590,"[2599, 2242, 2516]"
TR-2591,"[1712, 2079, 544]"
TR-2592,"[2196, 1368, 317]"
TR-2593,"[1848, 1021, 1424]"
TR-2594,"[1978, 2509, 1049]"
TR-2595,"[946, 755, 166]"
TR-2596,"[267, 99, 657]"
TR-2597,"[2142, 1801, 312]"
TR-2598,"[1495, 564, 451]"
TR-2599,"[610, 517, 2323]"
TR-26,"[669, 1675, 2314]"
TR-260,"[1890, 883, 1378]"
TR-2600,"[381, 685, 1649]"
TR-2601,"[397, 2249, 1389]"
TR-2602,"[1639, 1454, 2471]"
TR-2603,"[791, 877, 2361]"
TR-2604,"[1454, 791, 2378]"
TR-2605,"[912, 103, 2358]"
TR-2606,"[132, 1571, 1056]"
TR-2607,"[2497, 540, 1122]"
TR-2608,"[205, 217, 1495]"
TR-261,"[1173, 1868, 427]"
TR-262,"[736, 283, 499]"
TR-263,"[1228, 2506, 1665]"
TR-264,"[384, 2181, 705]"
TR-265,"[51, 654, 1161]"
TR-266,"[497, 123, 384]"
TR-267,"[198, 1855, 946]"
TR-268,"[1902, 2087, 1369]"
TR-269,"[2061, 790, 597]"
TR-27,"[1896, 2255, 1424]"
TR-270,"[977, 2255, 65]"
TR-271,"[582, 2153, 1077]"
TR-272,"[2142, 1775, 312]"
TR-273,"[2161, 2172, 1694]"
TR-274,"[332, 103, 1785]"
TR-275,"[2273, 446, 2400]"
TR-276,"[1937, 1682, 2490]"
TR-277,"[336, 1685, 408]"
TR-278,"[460, 473, 476]"
TR-279,"[2173, 2108, 404]"
TR-28,"[1749, 2208, 759]"
TR-280,"[1395, 2005, 1585]"
TR-281,"[1756, 1177, 102]"
TR-282,"[1021, 2101, 977]"
TR-283,"[299, 639, 1440]"
TR-284,"[413, 1285, 549]"
TR-285,"[1479, 129, 2185]"
TR-286,"[2003, 2209, 941]"
TR-287,"[1363, 1033, 1317]"
TR-288,"[2407, 2559, 837]"
TR-289,"[1217, 69, 2303]"
TR-29,"[1994, 2217, 1588]"
TR-290,"[1928, 1934, 48]"
TR-291,"[1599, 1181, 1402]"
TR-292,"[1248, 1085, 1829]"
TR-293,"[1839, 863, 2601]"
TR-294,"[2441, 1973, 2133]"
TR-295,"[225, 406, 283]"
TR-296,"[924, 188, 2386]"
TR-297,"[1439, 1018, 2199]"
TR-298,"[562, 1616, 1508]"
TR-299,"[839, 1090, 503]"
TR-3,"[2479, 1278, 2331]"
TR-30,"[1828, 1439, 854]"
TR-300,"[1918, 190, 1523]"
TR-301,"[702, 1014, 75]"
TR-302,"[1307, 1162, 1555]"
TR-303,"[1843, 39, 929]"
TR-304,"[855, 191, 975]"
TR-305,"[2304, 321, 458]"
TR-306,"[2601, 863, 1824]"
TR-307,"[1148, 885, 2507]"
TR-308,"[1873, 855, 191]"
TR-309,"[39, 1843, 1836]"
TR-31,"[1836, 39, 1369]"
TR-310,"[689, 1263, 627]"
TR-311,"[1083, 1287, 1742]"
TR-312,"[1990, 318, 1181]"
TR-313,"[890, 2200, 1745]"
TR-314,"[2519, 155, 1771]"
TR-315,"[559, 1037, 2060]"
TR-316,"[2034, 1565, 490]"
TR-317,"[1645, 1392, 2446]"
TR-318,"[1066, 837, 1689]"
TR-319,"[878, 1766, 320]"
TR-32,"[1044, 185, 344]"
TR-320,"[70, 1691, 667]"
TR-321,"[1925, 2107, 1783]"
TR-322,"[2535, 1460, 440]"
TR-323,"[1602, 2502, 2497]"
TR-324,"[1811, 2138, 1756]"
TR-325,"[1354, 1670, 2150]"
TR-326,"[1867, 1952, 2512]"
TR-327,"[2332, 193, 1811]"
TR-328,"[1664, 498, 2048]"
TR-329,"[1402, 2400, 51]"
TR-33,"[1397, 36, 985]"
TR-330,"[1740, 1782, 549]"
TR-331,"[1861, 394, 2146]"
TR-332,"[1789, 1224, 389]"
TR-333,"[2361, 1783, 73]"
TR-334,"[1647, 735, 2331]"
TR-335,"[2091, 2179, 393]"
TR-336,"[1038, 229, 1942]"
TR-337,"[1841, 855, 191]"
TR-338,"[2006, 1478, 2167]"
TR-339,"[690, 1803, 332]"
TR-34,"[1648, 2380, 811]"
TR-340,"[2356, 604, 1629]"
TR-341,"[870, 1485, 81]"
TR-342,"[1594, 1424, 624]"
TR-343,"[1194, 730, 1543]"
TR-344,"[1507, 1613, 1920]"
TR-345,"[2472, 2158, 2310]"
TR-346,"[2056, 1905, 1028]"
TR-347,"[777, 1512, 484]"
TR-348,"[613, 1246, 148]"
TR-349,"[696, 1811, 2138]"
TR-35,"[1720, 832, 2122]"
TR-350,"[2034, 885, 2507]"
TR-351,"[1183, 230, 2544]"
TR-352,"[883, 1779, 1378]"
TR-353,"[753, 950, 1985]"
TR-354,"[73, 2361, 1079]"
TR-355,"[2059, 590, 2151]"
TR-356,"[583, 924, 1081]"
TR-357,"[702, 1014, 1270]"
TR-358,"[1798, 65, 1848]"
TR-359,"[208, 1376, 2551]"
TR-36,"[1164, 2081, 113]"
TR-360,"[37, 1979, 855]"
TR-361,"[2251, 1187, 2534]"
TR-362,"[874, 2168, 315]"
TR-363,"[729, 2491, 480]"
TR-364,"[151, 576, 2112]"
TR-365,"[2048, 138, 1251]"
TR-366,"[1883, 705, 2202]"
TR-367,"[1181, 318, 2241]"
TR-368,"[1557, 1710, 506]"
TR-369,"[2171, 217, 1144]"
TR-37,"[793, 2405, 560]"
TR-370,"[1332, 980, 2066]"
TR-371,"[218, 2343, 2097]"
TR-372,"[1628, 287, 1615]"
TR-373,"[1803, 1785, 103]"
TR-374,"[750, 888, 1030]"
TR-375,"[2279, 2082, 11]"
TR-376,"[95, 864, 1072]"
TR-377,"[1367, 1519, 2110]"
TR-378,"[1406, 190, 721]"
TR-379,"[2213, 1274, 856]"
TR-38,"[1613, 2333, 2160]"
TR-380,"[1052, 207, 396]"
TR-381,"[1126, 2146, 991]"
TR-382,"[2566, 98, 2095]"
TR-383,"[1465, 2108, 2396]"
TR-384,"[1856, 2107, 2238]"
TR-385,"[1756, 120, 1707]"
TR-386,"[2009, 2398, 1980]"
TR-387,"[1821, 1133, 1681]"
TR-388,"[249, 243, 1761]"
TR-389,"[365, 2293, 38]"
TR-39,"[1861, 755, 51]"
TR-390,"[2074, 941, 2236]"
TR-391,"[1618, 2285, 1391]"
TR-392,"[785, 356, 977]"
TR-393,"[928, 855, 191]"
TR-394,"[316, 2569, 1707]"
TR-395,"[1805, 1207, 2490]"
TR-396,"[2447, 248, 199]"
TR-397,"[2139, 2018, 1304]"
TR-398,"[641, 257, 2369]"
TR-399,"[525, 2553, 2533]"
TR-4,"[1038, 229, 169]"
TR-40,"[2232, 1971, 2033]"
TR-400,"[1165, 408, 1555]"
TR-401,"[770, 1253, 1305]"
TR-402,"[1746, 2034, 2086]"
TR-403,"[872, 677, 1953]"
TR-404,"[1450, 1184, 1347]"
TR-405,"[2160, 1383, 1613]"
TR-406,"[508, 1233, 2153]"
TR-407,"[2442, 2496, 2221]"
TR-408,"[1861, 2083, 1867]"
TR-409,"[2228, 2569, 2283]"
TR-41,"[2233, 164, 1359]"
TR-410,"[173, 1092, 888]"
TR-411,"[936, 101, 572]"
TR-412,"[125, 606, 1114]"
TR-413,"[2083, 1689, 1979]"
TR-414,"[898, 1214, 1036]"
TR-415,"[910, 889, 1656]"
TR-416,"[43, 1621, 623]"
TR-417,"[2108, 119, 404]"
TR-418,"[1078, 2267, 1651]"
TR-419,"[2107, 68, 2378]"
TR-42,"[1859, 868, 2073]"
TR-420,"[1556, 2175, 1657]"
TR-421,"[469, 1462, 410]"
TR-422,"[1668, 2152, 1429]"
TR-423,"[2330, 597, 1982]"
TR-424,"[136, 592, 1581]"
TR-425,"[2232, 1943, 2033]"
TR-426,"[2110, 1917, 1367]"
TR-427,"[2520, 1703, 1007]"
TR-428,"[998, 804, 80]"
TR-429,"[1182, 2280, 2320]"
TR-43,"[682, 1343, 410]"
TR-430,"[1106, 2367, 4]"
TR-431,"[2509, 411, 2448]"
TR-432,"[191, 855, 1359]"
TR-433,"[2378, 2373, 947]"
TR-434,"[1386, 1775, 2050]"
TR-435,"[1969, 1439, 86]"
TR-436,"[346, 614, 630]"
TR-437,"[244, 49, 2540]"
TR-438,"[950, 753, 1891]"
TR-439,"[1610, 305, 973]"
TR-44,"[463, 2138, 2467]"
TR-440,"[562, 1829, 1616]"
TR-441,"[135, 1871, 393]"
TR-442,"[1846, 1548, 11]"
TR-443,"[2021, 1268, 1292]"
TR-444,"[2054, 605, 142]"
TR-445,"[2224, 1477, 412]"
TR-446,"[1820, 2217, 2150]"
TR-447,"[1194, 1028, 2056]"
TR-448,"[167, 2512, 649]"
TR-449,"[2400, 1359, 274]"
TR-45,"[2294, 504, 1591]"
TR-450,"[361, 1053, 576]"
TR-451,"[636, 989, 1155]"
TR-452,"[1321, 1259, 1435]"
TR-453,"[2336, 2361, 791]"
TR-454,"[2549, 980, 592]"
TR-455,"[2317, 2058, 410]"
TR-456,"[2409, 1149, 752]"
TR-457,"[1137, 177, 1353]"
TR-458,"[1253, 771, 2398]"
TR-459,"[1013, 175, 1403]"
TR-46,"[1927, 771, 2398]"
TR-460,"[514, 848, 501]"
TR-461,"[348, 15, 601]"
TR-462,"[2208, 1033, 163]"
TR-463,"[1488, 235, 846]"
TR-464,"[1224, 1144, 2105]"
TR-465,"[846, 1424, 939]"
TR-466,"[127, 462, 2174]"
TR-467,"[1709, 452, 1510]"
TR-468,"[1743, 2548, 2186]"
TR-469,"[616, 678, 2057]"
TR-47,"[1067, 1439, 522]"
TR-470,"[1292, 1268, 1991]"
TR-471,"[1257, 2097, 2207]"
TR-472,"[1044, 2461, 2252]"
TR-473,"[568, 452, 2576]"
TR-474,"[982, 2226, 941]"
TR-475,"[105, 937, 2443]"
TR-476,"[2571, 2120, 977]"
TR-477,"[764, 39, 1332]"
TR-478,"[136, 1665, 185]"
TR-479,"[2320, 1182, 617]"
TR-48,"[241, 346, 614]"
TR-480,"[740, 451, 564]"
TR-481,"[2232, 1971, 1943]"
TR-482,"[1850, 1888, 11]"
TR-483,"[709, 789, 96]"
TR-484,"[717, 2573, 854]"
TR-485,"[2133, 2374, 719]"
TR-486,"[1937, 1514, 1805]"
TR-487,"[1932, 317, 2244]"
TR-488,"[1692, 2047, 155]"
TR-489,"[2099, 120, 27]"
TR-49,"[216, 316, 1423]"
TR-490,"[2127, 356, 1711]"
TR-491,"[1679, 2545, 725]"
TR-492,"[274, 1979, 2400]"
TR-493,"[2245, 1171, 611]"
TR-494,"[934, 772, 1137]"
TR-495,"[498, 1664, 1863]"
TR-496,"[415, 563, 1843]"
TR-497,"[866, 408, 1731]"
TR-498,"[1039, 307, 729]"
TR-499,"[905, 1269, 1387]"
TR-5,"[1403, 2354, 931]"
TR-50,"[1992, 2279, 1900]"
TR-500,"[1499, 2525, 219]"
TR-501,"[1883, 1028, 1905]"
TR-502,"[678, 269, 1279]"
TR-503,"[1984, 381, 2342]"
TR-504,"[483, 1893, 494]"
TR-505,"[2214, 2073, 1707]"
TR-506,"[1797, 89, 2600]"
TR-507,"[260, 2534, 775]"
TR-508,"[265, 2283, 2569]"
TR-509,"[2066, 755, 2209]"
TR-51,"[1686, 209, 563]"
TR-510,"[980, 1591, 68]"
TR-511,"[1698, 155, 549]"
TR-512,"[2573, 2228, 1459]"
TR-513,"[2270, 1449, 2350]"
TR-514,"[891, 1270, 1185]"
TR-515,"[1314, 1696, 1333]"
TR-516,"[1767, 138, 1952]"
TR-517,"[1666, 102, 1724]"
TR-518,"[941, 2226, 2212]"
TR-519,"[27, 1473, 2587]"
TR-52,"[2228, 2569, 2282]"
TR-520,"[344, 58, 1711]"
TR-521,"[1731, 913, 408]"
TR-522,"[2344, 544, 1586]"
TR-523,"[1565, 2320, 2310]"
TR-524,"[1164, 1898, 1883]"
TR-525,"[1915, 2279, 11]"
TR-526,"[1958, 1689, 1979]"
TR-527,"[1957, 835, 353]"
TR-528,"[1221, 900, 2038]"
TR-529,"[1746, 2110, 1946]"
TR-53,"[131, 1752, 2370]"
TR-530,"[1107, 1412, 164]"
TR-531,"[488, 462, 1737]"
TR-532,"[527, 1082, 988]"
TR-533,"[1871, 2529, 848]"
TR-534,"[335, 2487, 2225]"
TR-535,"[1439, 1018, 2199]"
TR-536,"[2598, 576, 1748]"
TR-537,"[837, 1767, 138]"
TR-538,"[820, 2496, 271]"
TR-539,"[690, 1102, 912]"
TR-54,"[1389, 754, 744]"
TR-540,"[1720, 832, 1887]"
TR-541,"[551, 1794, 1656]"
TR-542,"[1812, 1385, 1021]"
TR-543,"[806, 449, 184]"
TR-544,"[166, 1829, 469]"
TR-545,"[367, 982, 2461]"
TR-546,"[2014, 1224, 1144]"
TR-547,"[1474, 1219, 1756]"
TR-548,"[1305, 2402, 1067]"
TR-549,"[960, 2408, 301]"
TR-55,"[1724, 886, 1424]"
TR-550,"[1972, 1917, 1367]"
TR-551,"[412, 1343, 1477]"
TR-552,"[649, 501, 151]"
TR-553,"[845, 2373, 2145]"
TR-554,"[2561, 1479, 129]"
TR-555,"[2417, 1210, 828]"
TR-556,"[2148, 2471, 2209]"
TR-557,"[1422, 2599, 2063]"
TR-558,"[2574, 1377, 1749]"
TR-559,"[1214, 1786, 41]"
TR-56,"[2027, 79, 2327]"
TR-560,"[802, 607, 1217]"
TR-561,"[60, 832, 1720]"
TR-562,"[2150, 1596, 1683]"
TR-563,"[1605, 871, 597]"
TR-564,"[912, 103, 2358]"
TR-565,"[991, 1979, 1867]"
TR-566,"[1270, 1756, 2073]"
TR-567,"[2327, 1185, 891]"
TR-568,"[652, 89, 1969]"
TR-569,"[1019, 1758, 1923]"
TR-57,"[1587, 1425, 996]"
TR-570,"[2497, 2249, 110]"
TR-571,"[2037, 1628, 973]"
TR-572,"[13, 402, 76]"
TR-573,"[1572, 138, 1390]"
TR-574,"[576, 2512, 394]"
TR-575,"[2226, 982, 2025]"
TR-576,"[2467, 1756, 2345]"
TR-577,"[1243, 2018, 1893]"
TR-578,"[628, 1771, 543]"
TR-579,"[2256, 1487, 118]"
TR-58,"[1775, 1801, 312]"
TR-580,"[2005, 974, 506]"
TR-581,"[1238, 1069, 2269]"
TR-582,"[2373, 2363, 1467]"
TR-583,"[352, 395, 991]"
TR-584,"[639, 1063, 1671]"
TR-585,"[2116, 2149, 2209]"
TR-586,"[945, 2148, 1105]"
TR-587,"[1553, 859, 1644]"
TR-588,"[83, 494, 463]"
TR-589,"[1668, 358, 980]"
TR-59,"[1800, 582, 1011]"
TR-590,"[9, 468, 1492]"
TR-591,"[965, 1301, 118]"
TR-592,"[1844, 689, 941]"
TR-593,"[1284, 1019, 168]"
TR-594,"[2472, 1882, 2440]"
TR-595,"[201, 901, 1362]"
TR-596,"[1949, 1613, 1383]"
TR-597,"[2172, 251, 222]"
TR-598,"[1791, 870, 2506]"
TR-599,"[2082, 1197, 1249]"
TR-6,"[1158, 115, 861]"
TR-60,"[1611, 1634, 1121]"
TR-600,"[133, 2422, 536]"
TR-601,"[758, 2461, 1690]"
TR-602,"[315, 874, 2240]"
TR-603,"[1441, 1890, 2455]"
TR-604,"[184, 770, 2236]"
TR-605,"[1908, 1224, 217]"
TR-606,"[2161, 244, 2540]"
TR-607,"[2555, 960, 2108]"
TR-608,"[127, 787, 2016]"
TR-609,"[1657, 1556, 926]"
TR-61,"[2554, 887, 2218]"
TR-610,"[1474, 102, 1495]"
TR-611,"[1433, 1207, 1371]"
TR-612,"[1053, 470, 920]"
TR-613,"[120, 27, 2220]"
TR-614,"[1792, 2202, 2558]"
TR-615,"[632, 615, 1957]"
TR-616,"[87, 316, 2076]"
TR-617,"[2529, 2338, 476]"
TR-618,"[129, 1479, 1754]"
TR-619,"[1743, 2018, 1617]"
TR-62,"[2418, 760, 2385]"
TR-620,"[457, 816, 2369]"
TR-621,"[2123, 22, 188]"
TR-622,"[2297, 2549, 3]"
TR-623,"[840, 1036, 1626]"
TR-624,"[896, 2508, 2504]"
TR-625,"[77, 2073, 1450]"
TR-626,"[1297, 1366, 1682]"
TR-627,"[1269, 1387, 552]"
TR-628,"[1770, 1470, 1432]"
TR-629,"[2517, 1225, 845]"
TR-63,"[6, 2221, 513]"
TR-630,"[1018, 1439, 1828]"
TR-631,"[925, 1745, 593]"
TR-632,"[1775, 1931, 2142]"
TR-633,"[2375, 1883, 1905]"
TR-634,"[1613, 476, 1309]"
TR-635,"[1411, 734, 895]"
TR-636,"[374, 647, 1709]"
TR-637,"[233, 855, 191]"
TR-638,"[2221, 2442, 1951]"
TR-639,"[11, 884, 1297]"
TR-64,"[639, 1813, 2471]"
TR-640,"[224, 1003, 1886]"
TR-641,"[1116, 698, 1349]"
TR-642,"[612, 941, 2074]"
TR-643,"[856, 562, 1616]"
TR-644,"[2060, 120, 2431]"
TR-645,"[1477, 2111, 1571]"
TR-646,"[1830, 839, 1366]"
TR-647,"[1820, 1994, 192]"
TR-648,"[1015, 2554, 2176]"
TR-649,"[460, 55, 1547]"
TR-65,"[596, 1570, 177]"
TR-650,"[1379, 579, 2198]"
TR-651,"[2238, 2421, 1702]"
TR-652,"[1421, 2307, 1686]"
TR-653,"[1993, 1477, 412]"
TR-654,"[1462, 410, 2317]"
TR-655,"[982, 2025, 941]"
TR-656,"[1789, 732, 1964]"
TR-657,"[2076, 1707, 2569]"
TR-658,"[591, 308, 618]"
TR-659,"[288, 1145, 1052]"
TR-66,"[589, 1777, 1503]"
TR-660,"[1971, 1943, 2033]"
TR-661,"[1150, 46, 1954]"
TR-662,"[1030, 20, 888]"
TR-663,"[1086, 897, 781]"
TR-664,"[1072, 754, 653]"
TR-665,"[1406, 1673, 721]"
TR-666,"[2222, 2107, 1925]"
TR-667,"[501, 297, 649]"
TR-668,"[874, 2168, 315]"
TR-669,"[1548, 1181, 2400]"
TR-67,"[848, 507, 108]"
TR-670,"[2393, 19, 929]"
TR-671,"[268, 731, 1332]"
TR-672,"[2046, 884, 1171]"
TR-673,"[997, 385, 1222]"
TR-674,"[1964, 941, 2074]"
TR-675,"[2509, 427, 1585]"
TR-676,"[567, 949, 267]"
TR-677,"[796, 1628, 973]"
TR-678,"[775, 1539, 2538]"
TR-679,"[593, 2438, 1711]"
TR-68,"[468, 9, 2578]"
TR-680,"[2058, 1241, 2172]"
TR-681,"[1043, 977, 1424]"
TR-682,"[30, 118, 747]"
TR-683,"[2402, 1591, 476]"
TR-684,"[452, 2083, 1825]"
TR-685,"[204, 604, 516]"
TR-686,"[1347, 1454, 1153]"
TR-687,"[2432, 2338, 1654]"
TR-688,"[367, 15, 680]"
TR-689,"[2445, 2402, 1239]"
TR-69,"[251, 222, 176]"
TR-690,"[713, 638, 95]"
TR-691,"[194, 333, 598]"
TR-692,"[1078, 1651, 1963]"
TR-693,"[629, 75, 1407]"
TR-694,"[1069, 2457, 2476]"
TR-695,"[2301, 998, 1974]"
TR-696,"[585, 925, 1383]"
TR-697,"[188, 924, 323]"
TR-698,"[1804, 446, 2311]"
TR-699,"[123, 602, 705]"
TR-7,"[160, 690, 1803]"
TR-70,"[472, 97, 306]"
TR-700,"[2338, 2567, 877]"
TR-701,"[977, 1060, 1377]"
TR-702,"[1915, 2082, 1081]"
TR-703,"[1182, 1975, 490]"
TR-704,"[2316, 2597, 1367]"
TR-705,"[1265, 2076, 2214]"
TR-706,"[265, 765, 2063]"
TR-707,"[259, 2587, 2214]"
TR-708,"[571, 360, 2402]"
TR-709,"[1355, 830, 1278]"
TR-71,"[2487, 1861, 1775]"
TR-710,"[1355, 1056, 1976]"
TR-711,"[1575, 1044, 757]"
TR-712,"[2606, 1123, 1553]"
TR-713,"[946, 799, 639]"
TR-714,"[1100, 2164, 2156]"
TR-715,"[365, 1137, 1724]"
TR-716,"[585, 2334, 1668]"
TR-717,"[2498, 1283, 2399]"
TR-718,"[2446, 844, 1879]"
TR-719,"[372, 2471, 2099]"
TR-72,"[201, 2159, 1362]"
TR-720,"[767, 2430, 2415]"
TR-721,"[1649, 1984, 2342]"
TR-722,"[998, 804, 1974]"
TR-723,"[831, 892, 2559]"
TR-724,"[69, 607, 1819]"
TR-725,"[1838, 321, 458]"
TR-726,"[169, 229, 1038]"
TR-727,"[1424, 65, 1724]"
TR-728,"[773, 1421, 2223]"
TR-729,"[1229, 2032, 451]"
TR-73,"[1068, 881, 2322]"
TR-730,"[1219, 1682, 11]"
TR-731,"[20, 2234, 2409]"
TR-732,"[1570, 671, 1450]"
TR-733,"[1973, 267, 98]"
TR-734,"[1675, 1778, 669]"
TR-735,"[1111, 1165, 408]"
TR-736,"[2597, 2281, 1367]"
TR-737,"[824, 1207, 2225]"
TR-738,"[2503, 868, 523]"
TR-739,"[418, 2330, 89]"
TR-74,"[490, 2396, 489]"
TR-740,"[2237, 1155, 154]"
TR-741,"[2344, 544, 1586]"
TR-742,"[610, 1777, 517]"
TR-743,"[84, 175, 526]"
TR-744,"[125, 1106, 4]"
TR-745,"[1567, 1494, 640]"
TR-746,"[698, 2138, 1285]"
TR-747,"[1533, 643, 586]"
TR-748,"[1195, 1713, 189]"
TR-749,"[597, 1969, 1079]"
TR-75,"[215, 39, 1504]"
TR-750,"[187, 1172, 499]"
TR-751,"[1613, 1920, 1606]"
TR-752,"[358, 1544, 2568]"
TR-753,"[119, 776, 2322]"
TR-754,"[791, 1317, 2002]"
TR-755,"[1957, 125, 2182]"
TR-756,"[476, 1654, 1666]"
TR-757,"[75, 1466, 2466]"
TR-758,"[471, 474, 1275]"
TR-759,"[708, 1861, 2490]"
TR-76,"[2058, 244, 2540]"
TR-760,"[1911, 218, 394]"
TR-761,"[1586, 544, 2575]"
TR-762,"[2467, 2138, 1021]"
TR-763,"[1841, 1873, 2395]"
TR-764,"[62, 357, 829]"
TR-765,"[2138, 1516, 1219]"
TR-766,"[975, 2576, 2146]"
TR-767,"[1449, 1075, 2270]"
TR-768,"[1218, 1200, 804]"
TR-769,"[737, 297, 1979]"
TR-77,"[718, 1914, 750]"
TR-770,"[2552, 2310, 2563]"
TR-771,"[387, 1321, 2001]"
TR-772,"[2508, 2192, 1877]"
TR-773,"[1881, 1226, 814]"
TR-774,"[103, 2125, 912]"
TR-775,"[1601, 428, 170]"
TR-776,"[766, 1179, 2281]"
TR-777,"[1869, 1783, 73]"
TR-778,"[595, 1369, 714]"
TR-779,"[1467, 2145, 2373]"
TR-78,"[1975, 1182, 1465]"
TR-780,"[2101, 1695, 656]"
TR-781,"[1567, 496, 2326]"
TR-782,"[4, 1977, 1106]"
TR-783,"[1404, 1472, 1493]"
TR-784,"[641, 816, 865]"
TR-785,"[123, 2375, 2202]"
TR-786,"[54, 1092, 1384]"
TR-787,"[505, 817, 281]"
TR-788,"[2145, 2363, 1467]"
TR-789,"[287, 1498, 1747]"
TR-79,"[2202, 705, 1905]"
TR-790,"[726, 235, 871]"
TR-791,"[257, 1116, 1567]"
TR-792,"[1522, 947, 186]"
TR-793,"[1389, 2438, 1859]"
TR-794,"[2046, 387, 1206]"
TR-795,"[294, 973, 513]"
TR-796,"[1053, 1510, 1212]"
TR-797,"[2411, 1373, 650]"
TR-798,"[836, 1067, 1732]"
TR-799,"[2418, 289, 1685]"
TR-8,"[46, 148, 1126]"
TR-80,"[1254, 938, 1578]"
TR-800,"[794, 1769, 1690]"
TR-801,"[2258, 1952, 2072]"
TR-802,"[1579, 158, 1178]"
TR-803,"[230, 2078, 616]"
TR-804,"[2218, 1574, 1530]"
TR-805,"[2243, 19, 2331]"
TR-806,"[2453, 1630, 138]"
TR-807,"[2512, 167, 701]"
TR-808,"[29, 2320, 2408]"
TR-809,"[1015, 2038, 1223]"
TR-81,"[771, 1253, 1980]"
TR-810,"[2498, 1283, 2295]"
TR-811,"[2, 237, 1402]"
TR-812,"[1887, 2461, 2122]"
TR-813,"[1305, 2107, 948]"
TR-814,"[775, 2538, 1539]"
TR-815,"[2149, 793, 2405]"
TR-816,"[1909, 793, 729]"
TR-817,"[1615, 2374, 1951]"
TR-818,"[1818, 975, 837]"
TR-819,"[960, 301, 2108]"
TR-82,"[534, 1149, 2311]"
TR-820,"[2327, 1128, 702]"
TR-821,"[2383, 650, 1373]"
TR-822,"[1147, 596, 2220]"
TR-823,"[1315, 2311, 2005]"
TR-824,"[267, 1907, 2465]"
TR-825,"[2299, 767, 2430]"
TR-826,"[639, 1813, 2491]"
TR-827,"[2408, 2108, 960]"
TR-828,"[1576, 2385, 289]"
TR-829,"[424, 564, 499]"
TR-83,"[246, 2514, 1948]"
TR-830,"[2222, 2238, 1776]"
TR-831,"[536, 1348, 1090]"
TR-832,"[1443, 1526, 2150]"
TR-833,"[794, 2311, 2133]"
TR-834,"[1045, 1021, 1896]"
TR-835,"[687, 1817, 1317]"
TR-836,"[1914, 2353, 414]"
TR-837,"[2374, 1154, 294]"
TR-838,"[1485, 1448, 263]"
TR-839,"[2299, 767, 2415]"
TR-84,"[1158, 982, 2025]"
TR-840,"[2261, 2338, 1305]"
TR-841,"[2203, 2390, 2445]"
TR-842,"[1375, 141, 2133]"
TR-843,"[235, 528, 689]"
TR-844,"[875, 595, 1707]"
TR-845,"[138, 1685, 760]"
TR-846,"[1405, 1782, 68]"
TR-847,"[1391, 372, 2323]"
TR-848,"[1552, 1256, 668]"
TR-849,"[2590, 594, 2017]"
TR-85,"[835, 2496, 271]"
TR-850,"[937, 105, 2026]"
TR-851,"[146, 899, 1431]"
TR-852,"[2402, 948, 2390]"
TR-853,"[1460, 1424, 2491]"
TR-854,"[1938, 71, 1564]"
TR-855,"[2153, 108, 1161]"
TR-856,"[1869, 1033, 877]"
TR-857,"[2499, 975, 394]"
TR-858,"[1558, 1593, 272]"
TR-859,"[115, 1158, 2214]"
TR-86,"[2095, 91, 336]"
TR-860,"[2602, 1652, 1149]"
TR-861,"[1110, 1264, 278]"
TR-862,"[1006, 98, 1986]"
TR-863,"[1069, 2269, 2476]"
TR-864,"[394, 748, 946]"
TR-865,"[433, 668, 1552]"
TR-866,"[799, 1483, 2291]"
TR-867,"[1887, 1573, 977]"
TR-868,"[1359, 1772, 2179]"
TR-869,"[874, 1210, 2168]"
TR-87,"[222, 394, 755]"
TR-870,"[210, 1907, 2133]"
TR-871,"[2339, 75, 1419]"
TR-872,"[2138, 2345, 1812]"
TR-873,"[1269, 51, 1077]"
TR-874,"[6, 513, 2198]"
TR-875,"[1447, 364, 1405]"
TR-876,"[1692, 45, 1639]"
TR-877,"[2158, 1882, 2440]"
TR-878,"[1956, 1341, 118]"
TR-879,"[247, 681, 1073]"
TR-88,"[1613, 1949, 1383]"
TR-880,"[2457, 385, 1069]"
TR-881,"[825, 1044, 2023]"
TR-882,"[1658, 1385, 1724]"
TR-883,"[1463, 358, 1332]"
TR-884,"[860, 54, 2371]"
TR-885,"[1644, 501, 716]"
TR-886,"[550, 464, 690]"
TR-887,"[2251, 1900, 775]"
TR-888,"[1065, 1092, 1267]"
TR-889,"[962, 1243, 1739]"
TR-89,"[1077, 1979, 837]"
TR-890,"[560, 251, 708]"
TR-891,"[744, 545, 1036]"
TR-892,"[1573, 1131, 736]"
TR-893,"[51, 1440, 1481]"
TR-894,"[1460, 2346, 1813]"
TR-895,"[167, 2512, 1359]"
TR-896,"[783, 1271, 1325]"
TR-897,"[2218, 2487, 48]"
TR-898,"[1977, 1106, 2367]"
TR-899,"[271, 820, 2198]"
TR-9,"[1787, 2132, 2249]"
TR-90,"[1283, 2399, 2295]"
TR-900,"[2450, 975, 2559]"
TR-901,"[1252, 1801, 312]"
TR-902,"[1518, 1454, 45]"
TR-903,"[722, 1858, 1936]"
TR-904,"[1474, 1173, 102]"
TR-905,"[2508, 2192, 896]"
TR-906,"[815, 1099, 685]"
TR-907,"[1228, 1791, 1665]"
TR-908,"[885, 1888, 2034]"
TR-909,"[2192, 896, 2504]"
TR-91,"[1297, 411, 1315]"
TR-910,"[1740, 1377, 1495]"
TR-911,"[1309, 2107, 1856]"
TR-912,"[167, 649, 975]"
TR-913,"[1276, 1685, 131]"
TR-914,"[557, 1184, 533]"
TR-915,"[235, 1982, 871]"
TR-916,"[896, 2508, 934]"
TR-917,"[2197, 845, 133]"
TR-918,"[410, 1967, 1462]"
TR-919,"[1848, 1328, 2303]"
TR-92,"[1973, 2346, 506]"
TR-920,"[1782, 1405, 1173]"
TR-921,"[307, 1020, 670]"
TR-922,"[1503, 60, 832]"
TR-923,"[673, 264, 138]"
TR-924,"[2055, 1499, 51]"
TR-925,"[1124, 1484, 1575]"
TR-926,"[775, 279, 2403]"
TR-927,"[811, 2168, 315]"
TR-928,"[1424, 65, 163]"
TR-929,"[1389, 1733, 2379]"
TR-93,"[1565, 466, 11]"
TR-930,"[815, 1780, 1099]"
TR-931,"[1630, 855, 191]"
TR-932,"[260, 2062, 1187]"
TR-933,"[674, 1271, 1857]"
TR-934,"[1140, 2019, 616]"
TR-935,"[1604, 2064, 1265]"
TR-936,"[2403, 775, 1275]"
TR-937,"[2130, 1284, 40]"
TR-938,"[244, 1984, 381]"
TR-939,"[1379, 2221, 579]"
TR-94,"[56, 886, 181]"
TR-940,"[1337, 1605, 2255]"
TR-941,"[272, 1889, 2520]"
TR-942,"[725, 113, 1424]"
TR-943,"[270, 1453, 397]"
TR-944,"[724, 414, 2413]"
TR-945,"[1743, 2018, 483]"
TR-946,"[1581, 592, 2003]"
TR-947,"[1408, 1317, 522]"
TR-948,"[945, 1897, 1376]"
TR-949,"[884, 1343, 1188]"
TR-95,"[525, 1941, 2533]"
TR-950,"[2176, 887, 2218]"
TR-951,"[2173, 960, 811]"
TR-952,"[2214, 1175, 1711]"
TR-953,"[338, 1355, 823]"
TR-954,"[755, 2487, 560]"
TR-955,"[1818, 2407, 975]"
TR-956,"[1879, 1597, 1429]"
TR-957,"[2114, 1479, 1754]"
TR-958,"[65, 1424, 736]"
TR-959,"[2342, 2172, 2161]"
TR-96,"[122, 1307, 1716]"
TR-960,"[1837, 1011, 167]"
TR-961,"[1923, 98, 2095]"
TR-962,"[2277, 1033, 2560]"
TR-963,"[2334, 850, 399]"
TR-964,"[2228, 2283, 1389]"
TR-965,"[1324, 1157, 353]"
TR-966,"[2027, 15, 120]"
TR-967,"[917, 397, 38]"
TR-968,"[2036, 2310, 2169]"
TR-969,"[441, 1177, 102]"
TR-97,"[2344, 544, 1586]"
TR-970,"[2349, 2512, 649]"
TR-971,"[39, 1713, 373]"
TR-972,"[570, 1570, 2073]"
TR-973,"[294, 271, 1268]"
TR-974,"[2436, 875, 2587]"
TR-975,"[61, 1401, 2597]"
TR-976,"[537, 1692, 1260]"
TR-977,"[987, 1091, 450]"
TR-978,"[278, 1110, 1264]"
TR-979,"[1012, 1102, 1628]"
TR-98,"[683, 1343, 1091]"
TR-980,"[367, 136, 1185]"
TR-981,"[1203, 392, 818]"
TR-982,"[711, 282, 290]"
TR-983,"[2441, 2487, 594]"
TR-984,"[1564, 1678, 89]"
TR-985,"[281, 2400, 1630]"
TR-986,"[1780, 685, 1984]"
TR-987,"[2563, 562, 859]"
TR-988,"[166, 2400, 251]"
TR-989,"[96, 789, 709]"
TR-99,"[2316, 2281, 1367]"
TR-990,"[973, 501, 576]"
TR-991,"[1926, 1768, 2516]"
TR-992,"[660, 1039, 1969]"
TR-993,"[863, 1839, 1824]"
TR-994,"[2454, 1652, 760]"
TR-995,"[1045, 335, 883]"
TR-996,"[603, 2487, 337]"
TR-997,"[222, 2464, 148]"
TR-998,"[2290, 1123, 1553]"
TR-999,"[816, 235, 2369]"
